Country Name,Country Code,Series Name,Series Code,2022 [YR2022],2021 [YR2021],2020 [YR2020],2019 [YR2019],2018 [YR2018],2017 [YR2017],2016 [YR2016],2015 [YR2015],2014 [YR2014],2013 [YR2013],2012 [YR2012],2011 [YR2011],2010 [YR2010],2009 [YR2009],2008 [YR2008],2007 [YR2007],2006 [YR2006],2005 [YR2005],2004 [YR2004],2003 [YR2003],2002 [YR2002],2001 [YR2001],2000 [YR2000],1999 [YR1999],1998 [YR1998],1997 [YR1997],1996 [YR1996],1995 [YR1995],1994 [YR1994],1993 [YR1993],1992 [YR1992],1991 [YR1991],1990 [YR1990],1989 [YR1989],1988 [YR1988],1987 [YR1987],1986 [YR1986],1985 [YR1985],1984 [YR1984],1983 [YR1983],1982 [YR1982],1981 [YR1981],1980 [YR1980],1979 [YR1979],1978 [YR1978],1977 [YR1977],1976 [YR1976],1975 [YR1975],2023 [YR2023]
Singapore,SGP,"Population, total",SP.POP.TOTL,5637022,5453566,5685807,5703569,5638676,5612253,5607283,5535002,5469724,5399162,5312437,5183688,5076732,4987573,4839396,4588599,4401365,4265762,4166664,4114826,4175950,4138012,4027887,3958723,3927213,3796038,3670704,3524506,3419048,3313471,3230698,3135083,3047132,2930901,2846108,2774789,2733373,2735957,2732221,2681061,2646466,2532835,2413945,2383500,2353600,2325300,2293300,2262600,5917648
Singapore,SGP,Population growth (annual %),SP.POP.GROW,3.30862052439523,-4.17033630017526,-0.311904961250833,1.14428330688929,0.469704298714121,0.0885954699924263,1.29743609938602,1.18637693749822,1.29844017799226,1.61930809858875,2.45339033031018,2.08490245606007,1.77183287926401,3.0159499147579,5.32151708302623,4.16600286360933,3.1293891560754,2.35051128857175,1.2519166730553,-1.47453284191939,0.912639805776796,2.69735584326358,1.73204223254257,0.799148451003927,3.39721227677289,3.35744219516066,4.06431846839031,3.03781348481124,3.13658693183625,2.5298067473268,3.00425639462047,2.84548286486563,3.88909360745296,2.93574373454983,2.53777386733667,1.50383305795572,-0.0944905570612704,0.136645170706526,1.89022198562678,1.29874466224405,4.38859363289509,4.80768900934127,1.26923429916508,1.26239247977074,1.20970078915976,1.38572346856491,1.347723377756,1.46026991588953,4.85831607781442
Singapore,SGP,Surface area (sq. km),AG.SRF.TOTL.K2,728,728,728,726,724,722,719,719,719,717,716,714,712,710,710,705,704,699,699,697,685,680,680,680,680,680,680,680,680,680,680,680,680,680,680,680,680,680,680,680,680,680,680,680,680,680,680,680,..
Singapore,SGP,Population density (people per sq. km of land area),EN.POP.DNST,7851.00557103064,7595.49582172702,7918.95125348189,7965.87849162011,7897.30532212885,7882.37780898876,7908.72073342736,7806.77291960508,7714.7023977433,7636.72135785007,7524.69830028329,7363.19318181818,7231.81196581197,7125.10428571429,6913.42285714286,6602.30071942446,6342.02449567723,6191.23657474601,6047.40783744557,5989.55749636099,6186.59259259259,6176.13731343284,6011.77164179105,5908.54179104478,5861.51194029851,5665.72835820895,5478.66268656716,5260.45671641791,5103.05671641791,4945.47910447761,4821.93731343284,4679.22835820895,4547.95820895522,4374.47910447761,4247.9223880597,4141.47611940299,4079.66119402985,4083.51791044776,4077.94179104478,4001.58358208955,3949.94925373134,3780.35074626866,3602.90298507463,3557.46268656716,3512.83582089552,3470.59701492537,3422.83582089552,3377.01492537313,..
Singapore,SGP,Poverty headcount ratio at national poverty lines (% of population),SI.POV.NAHC,..,..,..,..,..,..,..,..,..,..,..,..,..,..,..,..,..,..,..,..,..,..,..,..,..,..,..,..,..,..,..,..,..,..,..,..,..,..,..,..,..,..,..,..,..,..,..,..,..
Singapore,SGP,Poverty headcount ratio at $2.15 a day (2017 PPP) (% of population),SI.POV.DDAY,..,..,..,..,..,..,..,..,..,..,..,..,..,..,..,..,..,..,..,..,..,..,..,..,..,..,..,..,..,..,..,..,..,..,..,..,..,..,..,..,..,..,..,..,..,..,..,..,..
Singapore,SGP,"GNI, Atlas method (current US$)",NY.GNP.ATLS.CD,377484557663.763,354303503819.187,314364916665.983,335416058465.037,318867332997.27,308252823227.576,298909777533.964,294216880670.243,308379135365.297,294065818760.641,274706598269.243,250101189864.514,228090229433.827,186120545581.112,180169589123.128,165243339656.008,143247234804.234,122983016874.302,109050982705.473,96456251432.0385,91859462975.5774,91562446398.0077,95391028847.2284,92486827084.9743,94291774714.7132,105245561061.786,94019289537.5259,83268369653.9213,71042616832.9508,58696422927.3994,49330563750.765,40673892395.4868,34878922596.4585,30245676424.5142,26530700323.7973,22422591234.4476,20043109140.7449,19422985260.923,18921229414.4693,16529838912.7552,15033035464.1866,13630783938.2495,11412030626.4604,9514854748.85054,7927098865.91205,7020747363.91164,6721881893.33504,6011457064.20551,417722203450.234
Singapore,SGP,"GNI per capita, Atlas method (current US$)",NY.GNP.PCAP.CD,66970,64970,55290,58810,56550,54920,53310,53160,56380,54470,51710,48250,44930,37320,37230,36010,32550,28830,26170,23440,22000,22130,23680,23360,24010,27730,25610,23630,20780,17710,15270,12970,11450,10320,9320,8080,7330,7100,6930,6170,5680,5380,4730,3990,3370,3020,2930,2660,70590
Singapore,SGP,"GNI, PPP (current international $)",NY.GNP.MKTP.PP.CD,646662736191.423,611569622317.811,498956695159.263,532198398665.491,514177310290.45,499488735790.67,472655777910.407,449493482173.023,446405425660.506,424444387608.882,416795638280.343,400707778808.442,378652526076.435,313112452689.649,315740166763.797,307413398857.702,274306788419.316,236722407661.33,212892598202.186,195379502324.174,184518919785.967,177193005501.016,175268013287.852,159937473991.033,149680439279.701,152054766571.37,134376458232.9,124569558114.039,113172118521.384,97506909394.8788,87351527750.6647,78830704039.7154,71838367718.6397,..,..,..,..,..,..,..,..,..,..,..,..,..,..,..,702762021496.9
Singapore,SGP,"GNI per capita, PPP (current international $)",NY.GNP.PCAP.PP.CD,114720,112140,87750,93310,91190,89000,84290,81210,81610,78610,78460,77300,74590,62780,65240,67000,62320,55490,51090,47480,44190,42820,43510,40400,38110,40060,36610,35340,33100,29430,27040,25140,23580,..,..,..,..,..,..,..,..,..,..,..,..,..,..,..,118760
Singapore,SGP,Income share held by lowest 20%,SI.DST.FRST.20,..,..,..,..,..,..,..,..,..,..,..,..,..,..,..,..,..,..,..,..,..,..,..,..,..,..,..,..,..,..,..,..,..,..,..,..,..,..,..,..,..,..,..,..,..,..,..,..,..
Singapore,SGP,"Life expectancy at birth, total (years)",SP.DYN.LE00.IN,82.8951219512195,83.0926829268293,83.5439024390244,83.5951219512195,83.2975609756098,83.0951219512195,82.8463414634146,82.7439024390244,82.4951219512195,82.2463414634147,81.9951219512195,81.7439024390244,81.5414634146342,81.2414634146342,80.790243902439,80.4414634146342,80.1414634146341,79.990243902439,79.490243902439,79.0390243902439,78.5512195121951,78.2512195121951,77.9512195121951,77.5512195121951,77.3,76.8975609756097,76.5951219512195,76.2951219512195,76.1975609756098,76.0463414634146,75.9463414634146,75.6463414634146,75.2951219512195,74.9463414634146,74.6975609756098,74.5487804878049,74.2463414634146,73.890243902439,73.290243902439,73.0365853658537,72.6878048780488,72.5878048780488,72.190243902439,71.461756097561,71.2835609756098,71.0261219512195,70.7470487804878,70.405512195122,82.8951219512195
Singapore,SGP,"Fertility rate, total (births per woman)",SP.DYN.TFRT.IN,1.04,1.12,1.1,1.14,1.14,1.16,1.2,1.24,1.25,1.19,1.29,1.2,1.15,1.22,1.28,1.29,1.28,1.26,1.26,1.27,1.37,1.41,1.6,1.47,1.48,1.61,1.66,1.67,1.71,1.74,1.72,1.73,1.83,1.75,1.96,1.62,1.43,1.61,1.62,1.61,1.74,1.78,1.82,1.79,1.79,1.82,2.11,2.07,0.97
Singapore,SGP,"Adolescent fertility rate (births per 1,000 women ages 15-19)",SP.ADO.TFRT,2.17,2.16,2.276,2.303,2.359,2.328,2.405,2.568,2.995,3.203,3.792,3.956,4.054,4.561,5.18,5.417,5.645,5.938,5.872,6.108,7.076,7.234,7.808,7.094,6.55,6.263,6.168,6.182,6.64,7.231,7.286,7.415,7.367,6.534,7.256,7.359,8.117,9.841,10.406,10.615,11.502,11.753,12.073,12.017,12.29,13.44,15.98,16.654,2.16
Singapore,SGP,"Contraceptive prevalence, any method (% of married women ages 15-49)",SP.DYN.CONU.ZS,..,..,..,..,..,..,..,..,..,..,..,..,..,..,..,..,..,..,..,..,..,..,..,..,..,62,..,..,..,..,65,..,..,..,..,67,..,..,..,..,74,..,..,..,..,71.3,..,..,..
Singapore,SGP,Births attended by skilled health staff (% of total),SH.STA.BRTC.ZS,..,99.6,99.6,99.6,99.6,99.6,99.7,99.7,99.7,99.6,99.7,99.7,99.7,99.7,99.8,99.7,99.7,99.7,99.7,99.7,99.7,99.6,99.7,99.7,99.7,99.7,99.7,..,..,..,..,..,..,..,..,..,..,..,..,..,..,..,..,..,..,..,..,..,..
Singapore,SGP,"Mortality rate, under-5 (per 1,000 live births)",SH.DYN.MORT,2.2,2.2,2.3,2.4,2.5,2.6,2.7,2.7,2.7,2.8,2.8,2.8,2.8,2.8,2.8,2.9,2.9,3,3.1,3.2,3.4,3.6,3.8,4.1,4.4,4.6,4.8,5.1,5.4,5.8,6.3,7,7.7,8.4,9.1,9.7,10.3,10.9,11.6,12.3,13.2,14,14.6,14.9,15.1,15.4,16.2,17.5,2.1
Singapore,SGP,"Prevalence of underweight, weight for age (% of children under 5)",SH.STA.MALN.ZS,..,..,..,..,..,..,..,..,..,..,..,..,..,..,..,..,..,..,..,..,..,..,3.3,..,..,..,..,..,..,..,..,..,..,..,..,..,..,..,..,..,..,..,..,..,..,..,..,..,..
Singapore,SGP,"Immunization, measles (% of children ages 12-23 months)",SH.IMM.MEAS,96,96,97,96,97,95,95,95,95,95,95,95,95,95,95,95,95,96,95,93,94,95,96,97,96,98,97,97,95,87,89,92,84,81,87,94,85,75,85,88,78,57,47,..,..,..,..,..,97
Singapore,SGP,"Primary completion rate, total (% of relevant age group)",SE.PRM.CMPT.ZS,99.6337432861328,100.557983398438,101.401397705078,98.0779495239258,99.9218292236328,99.2582397460938,99.7892684936523,..,..,..,..,..,..,..,..,..,..,..,..,..,..,..,..,..,..,..,..,..,..,..,..,..,..,..,..,..,..,..,..,..,..,..,..,..,..,..,..,..,..
Singapore,SGP,"School enrollment, primary (% gross)",SE.PRM.ENRR,99.5780410766602,99.8746490478516,100.535911560059,100.692581176758,100.261871337891,100.626953125,100.773208618164,101.672031739687,102.343505179087,103.092631080921,103.564213623344,103.066542169444,102.991324573351,..,..,..,..,..,..,..,..,..,..,..,..,..,..,..,..,..,..,..,..,..,..,..,..,..,..,..,..,..,..,..,..,..,..,..,..
Singapore,SGP,"School enrollment, secondary (% gross)",SE.SEC.ENRR,103.041313171387,103.041877746582,103.199592590332,104.714958190918,105.844299316406,107.574600219727,107.859008789062,107.781350482315,108.138840380207,108.393165400389,109.727685489202,109.899017654737,109.329199261579,..,..,..,..,..,..,..,..,..,..,..,..,..,..,..,..,..,..,..,..,..,..,..,..,..,..,..,..,..,..,..,..,..,..,..,..
Singapore,SGP,"School enrollment, primary and secondary (gross), gender parity index (GPI)",SE.ENR.PRSC.FM.ZS,..,..,0.996010005474091,0.9966099858284,0.995630025863647,0.994949996471405,0.995970010757446,..,..,..,..,..,..,..,..,..,..,..,..,..,..,..,..,..,..,..,..,..,..,..,..,..,..,..,..,..,..,..,..,..,..,..,..,..,..,..,..,..,..
Singapore,SGP,"Prevalence of HIV, total (% of population ages 15-49)",SH.DYN.AIDS.ZS,..,..,..,..,..,..,..,..,..,..,..,..,..,..,..,..,..,..,..,..,..,..,..,..,..,..,..,..,..,..,..,..,..,..,..,..,..,..,..,..,..,..,..,..,..,..,..,..,..
Singapore,SGP,Forest area (sq. km),AG.LND.FRST.K2,152.1,153.9,155.7,157.5,159.3,161.1,162.855,164.714,167.252,169.79,172.328,174.866,177.404,176.677,175.95,175.223,174.496,173.769,173.042,172.315,171.588,170.861,170.135,167.948,165.762,163.575,161.389,159.202,157.015,154.829,152.642,150.456,148.269,..,..,..,..,..,..,..,..,..,..,..,..,..,..,..,..
Singapore,SGP,Terrestrial and marine protected areas (% of total territorial area),ER.PTD.TOTL.ZS,2.5,2.5,2.5,2.5,2.46306282917716,2.5,2.48665252687779,2.5,3.2,3,..,..,..,..,..,..,..,..,..,..,..,..,..,..,..,..,..,..,..,..,..,..,..,..,..,..,..,..,..,..,..,..,..,..,..,..,..,..,2.5
Singapore,SGP,"Annual freshwater withdrawals, total (% of internal resources)",ER.H2O.FWTL.ZS,..,83.1166666666667,83.1166666666667,82.1666666666667,81.3833333333333,83.2166666666667,84.9666666666667,84.5833333333333,108.505583333333,132.427833333333,160.033416666667,187.639,219.91125,252.1835,284.45575,315.061333333333,346.289138883333,377.51694445,366.79675,352.521,338.24525,328.236166666667,313.89375,302.556666666667,291.219583333333,279.8825,268.545416666667,257.208333333333,245.87125,234.534166666667,223.197083333333,211.86,200.522916666667,190.385833333333,179.04875,167.711666666667,156.374583333333,145.0375,133.700416666667,122.363333333333,111.02625,99.6891666666667,88.3520833333333,77.015,65.6779166666667,54.3408333333333,43.00375,31.6666666666667,..
Singapore,SGP,Urban population growth (annual %),SP.URB.GROW,3.30862052439523,-4.17033630017526,-0.311904961250821,1.14428330688929,0.469704298714121,0.0885954699924485,1.29743609938602,1.18637693749822,1.29844017799226,1.61930809858873,2.4533903303102,2.08490245606007,1.77183287926401,3.01594991475788,5.32151708302625,4.16600286360931,3.1293891560754,2.35051128857175,1.2519166730553,-1.4745328419194,0.912639805776796,2.6973558432636,1.73204223254257,0.799148451003949,3.39721227677287,3.35744219516066,4.06431846839029,3.03781348481124,3.13658693183625,2.5298067473268,3.00425639462047,2.84548286486563,3.88909360745296,2.93574373454983,2.53777386733667,1.5038330579557,-0.0944905570612704,0.136645170706526,1.8902219856268,1.29874466224405,4.38859363289512,4.80768900934127,1.26923429916508,1.26239247977074,1.20970078915976,1.38572346856491,1.34772337775598,1.46026991588953,4.85831607781442
Singapore,SGP,Energy use (kg of oil equivalent per capita),EG.USE.PCAP.KG.OE,6630.39044839924,6495.85092286805,6033.41181529317,6067.59648081936,5798.25693365327,6313.4270530557,5948.35980472719,5832.18748421598,5609.37150725607,5189.85191531132,4690.85416009299,4143.38713624558,4762.93363038208,5190.4488272323,4958.46248257993,4537.4171693226,5128.30865666219,4925.75757554205,7371.02793327917,6217.05880619521,5066.19603486754,5146.02323865296,4634.81368272521,4587.57994680042,5083.35878222717,5818.45053429947,5359.513368456,5346.98780182868,6460.58950762107,5487.72262199385,4588.88701797782,4167.37343867502,3782.71772957552,..,..,..,..,..,..,..,..,..,..,..,..,..,..,..,..
Singapore,SGP,Electric power consumption (kWh per capita),EG.USE.ELEC.KH.PC,10143.4764668295,10220.4685888096,9306.68241113355,9451.80114416079,9326.12549470833,9218.0448743134,9040.02883392902,8948.68692007699,8844.68759301201,8680.60636076487,8673.79697867476,8651.75527539466,8688.0694115821,8119.37990682041,8401.25503265283,8706.57906694396,8720.02208405801,8678.16816784434,8314.32532116821,8113.5873060003,7756.31892144302,7516.16960028149,7575.43595438502,7187.67137786604,6965.7540856582,6829.22562945893,6312.68552299504,6069.21934591685,5842.56202311287,5499.97268725153,5236.63926495141,5104.8090273846,4983.0463530953,..,..,..,..,..,..,..,..,..,..,..,..,..,..,..,..
Singapore,SGP,GDP (current US$),NY.GDP.MKTP.CD,498474540987.78,434111559282.849,349488382610.662,376901649222.451,376892697588.005,343257164581.712,319053943915.005,307998545269.398,314863580758.455,307576360584.992,295092888076.589,279356499090.458,239807980591.24,194150283771.566,193617323539.203,180941701357.97,148627286361.351,127807848728.398,115033593101.049,97646401095.6369,92538372869.6942,89793790669.6515,96076539925.7409,86286849754.8905,85728207781.7785,100123787215.299,96293086513.0872,87812540788.4293,73688724431.1412,60603815716.2653,52131320032.8797,45466164978.2923,36144336768.7023,30465364738.6206,25371462488.1292,20919215578.2125,18586746056.9974,19156532745.7691,19749361097.965,17784112149.5327,16084252378.473,14175228843.6391,11896256782.8566,9296921723.83465,7517176354.84135,6618585073.66035,6327077974.10703,5633673929.99302,501427500080.059
Singapore,SGP,GDP growth (annual %),NY.GDP.MKTP.KD.ZG,3.83807678519807,9.69076687082064,-3.86979893430043,1.34505874082728,3.51711418509255,4.51292631770927,3.58864369582668,2.97679931634806,3.93554027709007,4.81763099120676,4.43549759378537,6.21493416858989,14.5197497108994,0.127953382778088,1.86348345462035,9.02151951268893,9.00676607871758,7.36632239250758,9.93998268434957,4.54825542643229,3.92336076702013,-1.07086275100448,9.03831632555163,5.71837175710837,-2.19101500611274,8.31620911124497,7.47139086002002,7.17540112091071,11.0956893100227,11.459650875246,6.63980556949564,6.68839753958379,9.82089955731777,10.1588286387889,11.26359213382,10.7979324702819,1.34281041445436,-0.622701650113157,8.79228623912256,8.55448210614414,7.10214484891354,10.8159232986752,10.1133721068475,9.55444873972347,7.77718195422017,6.85244239382494,7.43716681814959,3.98873862550901,1.07503175095101
Singapore,SGP,"Inflation, GDP deflator (annual %)",NY.GDP.DEFL.KD.ZG,13.4781380113655,10.2637667092318,-2.43859056928547,-0.20441464095768,3.60410043476227,2.89404191400374,0.489627028998726,3.07195500966418,-0.267270041634802,-0.431059391871671,0.495345771200874,1.17079820355097,1.10780871344616,2.95392464373782,-1.38155543169427,5.91682447669695,1.8441830136442,1.9005186505386,3.95952821977868,-1.79904886938878,-0.896915632384648,-1.81443173071348,3.86347751783269,-3.57782977150977,-1.32884855456203,1.08499221815259,1.50622281220359,3.17627830929234,3.46273962769924,3.45618677483372,1.38770305954598,4.43534521070245,4.69742330546458,4.15917047818115,5.43072131692747,0.532427941572664,-1.25281578687675,-1.46548381178779,0.787919952347593,3.17143964984059,4.53295551219097,5.87548935259991,11.1271090045314,5.2354005316555,4.04187885560737,2.0066785459034,1.71985346383113,2.88902717475952,-3.06902994364776
Singapore,SGP,"Agriculture, forestry, and fishing, value added (% of GDP)",NV.AGR.TOTL.ZS,0.0265267659870693,0.0307258905921678,0.0327869668385027,0.0321888370280154,0.0301356082701394,0.030800882002243,0.0315798285659967,0.0326135138026483,0.0345408510735362,0.0343752167938134,0.033272726533169,0.0346076007512354,0.0361489888834213,0.0406877612701381,0.0414321884664469,0.0428679973714474,0.0488654244516825,0.0550481142142599,0.0556489896262466,0.0611340723110266,0.0710328000140014,0.0823566559095407,0.092131732680321,0.111245961607494,0.111378366529616,0.132916824740826,0.150025188323224,0.144861979394729,0.173159173171612,0.172788647418229,0.197361758450875,0.250054747220624,0.323439581344345,0.355904972393714,0.416976248448972,0.550609776177565,0.716998388465423,0.921131200015662,1.06996338400782,1.1784644489989,1.34338987440114,1.46316552451239,1.50949376874787,1.54910790305186,1.66544875500344,1.99165912481961,2.04353679832571,2.15533881576551,0.0290657823856606
Singapore,SGP,"Industry (including construction), value added (% of GDP)",NV.IND.TOTL.ZS,23.7466066693208,24.2773628887138,23.2086930878604,24.0213523823824,25.3939316090861,23.525059681983,23.2451586103696,24.2880229055028,24.1685192477514,23.4427286283197,25.0222021555412,25.2595925808817,26.6358717243037,27.0163193688262,26.4153381596662,28.2257709638809,30.8942965496098,31.4076522049802,31.8858938554669,30.2248029160952,30.7456754181249,30.3796610759446,32.4585044954973,30.845626570486,32.0879122410958,31.070384032761,31.5548560435773,31.4922551466979,31.3042288508592,32.1379735731406,32.2871354518713,32.6178847711057,30.8585476711641,32.1193635466534,33.582121675466,32.617482079935,33.128651324075,32.1732725119179,35.1583018614727,34.4329707288875,33.3354913893565,34.4300210859251,34.8803228499861,33.0870527690008,31.4084875718477,31.7509722867696,31.9754189050482,31.2083445628501,22.4003613246571
Singapore,SGP,Exports of goods and services (% of GDP),NE.EXP.GNFS.ZS,185.757032866998,183.010537162982,181.555081067383,176.300088650586,178.230504749801,171.841622708604,164.715213242112,178.384608499682,191.953535787505,195.077796338143,196.719612875759,203.327708649538,197.998960793027,190.844935011128,228.993770935119,212.779393731371,228.037617061062,225.159667736916,213.951695442646,202.586206389804,184.086118066532,182.894180709771,188.350890284751,176.745012905762,166.787570508849,169.296886140865,175.64311239295,181.120940871727,166.193359003655,161.650519642454,161.725949774023,168.546193922295,177.192544433931,179.295693093127,184.714114870593,164.003337028947,148.730947088356,152.222314672514,156.46411249353,166.865573598192,185.352489023342,198.182656826568,202.006215789962,184.677312546118,165.438393665405,162.758970721327,149.480784355546,137.121504585285,174.300145120981
Singapore,SGP,Imports of goods and services (% of GDP),NE.IMP.GNFS.ZS,147.224336990913,146.774441614378,150.135440658079,146.77034130281,148.492855677385,145.190273503394,138.507381217761,151.08679044058,168.513783378732,171.963983710876,172.493352911906,175.770922728001,171.686594994619,167.347876817714,208.332943955938,181.509078187707,197.325782481957,195.270845183643,187.572017095863,174.632357911778,165.659895919145,166.397924985207,176.013630183467,159.73983350712,145.291685165837,154.567536007275,159.268050895143,164.338323023735,150.023188580912,151.765620165211,149.586317507495,155.341800903456,167.139673411139,168.276992586672,175.153044132482,161.035137597559,146.095513380139,151.922531006196,156.659413760712,166.281465132167,187.184678586983,201.595611491829,208.930559421097,190.33309367491,169.163567354151,164.224738889025,156.41921164536,146.448680501431,136.940188501327
Singapore,SGP,Gross capital formation (% of GDP),NE.GDI.TOTL.ZS,22.3189340867342,23.9666061693542,22.8667837126128,24.6067029800834,24.7482388274494,27.2800669349578,26.4261457386402,25.353193018866,29.4300082792766,29.9795021855415,29.2629426703058,26.6919943455279,27.6582275190447,27.3701152111674,30.1596763689779,23.0659529090098,22.3792634447668,21.506936250429,22.8924616706012,17.2245248736318,25.0736127933875,27.6094317950146,35.1740359977879,32.6914753593956,31.4900376302754,38.1697972076704,35.0401245569948,33.8813128046581,32.9120593059062,37.2020493632248,35.5156959121622,33.9799446925753,35.6531138861975,34.06069305235,33.4082568034691,36.5193909922173,36.5581142844566,41.0992394060123,46.9276594521021,46.4506805402281,46.2702906312903,44.7832103321033,45.0281411386338,42.1168145611413,37.8603291633492,35.2414206393856,39.5963581588173,38.8077531011676,21.0190163289694
Singapore,SGP,"Revenue, excluding grants (% of GDP)",GC.REV.XGRT.GD.ZS,16.220527796295,17.2288553319936,18.0524117336083,20.9008158773088,18.1885271324369,20.1885302156652,18.4661444034328,17.9971098900658,18.0208994708332,17.2396519035114,17.4768046793331,17.0209629280307,16.7790639246853,17.0545106225511,20.414935154062,19.2502610950738,17.8972792883433,18.175279588949,18.7817911568509,19.4253514768287,21.1831034876079,24.3483568448637,25.681569547987,27.5755969983419,26.912024333176,26.8275390745868,27.9398897605784,25.6051382214677,25.985425843629,28.6908809055269,26.600267074265,25.3606950605275,25.3531236745006,25.6245055742678,25.9318801548876,28.4240222175875,25.4593118087091,26.3515960727116,27.4404271226732,28.7324609806085,26.6441444092616,25.6885872430153,24.6041685994372,23.1160009838609,22.8767437041238,23.8057383264438,22.2749510111042,22.9154981899233,18.3600303311543
Singapore,SGP,Domestic credit provided by financial sector (% of GDP),FS.AST.DOMS.GD.ZS,..,..,..,..,..,..,..,..,..,..,..,..,..,..,..,..,..,..,..,..,..,..,..,..,..,..,..,..,..,..,..,..,..,..,..,..,..,..,..,..,..,..,..,..,..,..,..,..,..
Singapore,SGP,Tax revenue (% of GDP),GC.TAX.TOTL.GD.ZS,12.0331929577548,12.8128979341856,12.7315446821269,13.1515012662641,13.0131483056707,13.9900847741536,13.3086682238479,13.1397745298612,13.5565571344028,13.2712500808714,13.5806687357042,13.1057219512653,12.7858239691039,12.9549265300847,13.7543914469361,12.8204281959211,11.8310221766032,11.5770274018324,11.6045115798244,12.4460741638593,12.6887393397993,14.5855191514965,14.8557890847443,14.5317174065401,14.0310256358429,15.312341085021,15.8973671573725,15.7685036472599,16.6131522787889,16.2903339457186,16.1033535012871,15.1815315980586,14.5462695925654,15.687873622744,14.0720126215791,13.0780798911075,12.7357694649656,15.6621670565894,17.663382090754,18.7608387198487,18.9163419773286,17.8802055877702,16.9929183288493,16.0397706847293,15.9346472237067,16.7245554386909,15.9963741551915,16.5711247241181,14.0060490127897
Singapore,SGP,Military expenditure (% of GDP),MS.MIL.XPND.GD.ZS,2.57771863323481,2.5987935314514,2.81188317988763,2.76017573618952,2.80793327423872,2.97187480816254,3.09554271344129,3.04671265935693,3.04786038477706,3.03849114883637,3.10816619008299,3.19387456850782,3.38139843984389,3.88242334748021,3.85002679403201,3.602552791077,3.92291119365444,4.27504313120819,4.41680505073795,4.86964764804806,4.92498628742409,4.82624999921862,4.51888629365982,5.20735398793435,5.21105296070909,4.45003647708667,4.25331403898939,4.17879788368962,3.79143512807907,4.09176493399803,4.47136864604274,4.44835667304419,4.63214447298365,4.49289825625078,4.54786526287383,4.87061150486237,5.44251155937074,5.65661291547353,4.69881540453695,4.07146856786832,4.65119017480232,4.74135516251602,4.6368613562022,4.65201551854656,5.19523729007696,5.67716169437207,5.04436104760064,4.64925699300699,2.65866567626877
Singapore,SGP,Mobile cellular subscriptions (per 100 people),IT.CEL.SETS.P2,156.4790531,147.480416,142.8931601,154.0006188,147.3617155,145.4058271,148.123236,145.7181198,145.4770145,154.0346262,149.9274113,147.5817519,143.0129038,137.4018501,132.5809637,127.0378465,106.7315594,100.9198005,93.4502185,84.63439691,79.3192099,72.58809459,67.77675756,41.11452948,28.31395042,22.56524803,11.80233977,8.634616063,6.85247021,5.368715266,3.717206111,2.624670739,1.711595724,0.892659215,0.375871722,..,..,..,..,0,0,0,0,0,0,0,0,0,..
Singapore,SGP,High-technology exports (% of manufactured exports),TX.VAL.TECH.MF.ZS,56.8269189876243,54.9722752514087,55.2615580095711,51.8165690079601,51.57228009959,53.0979447946172,52.2327295013631,52.2174549984101,50.6403255755208,50.3271857168025,48.4626199153623,47.7371556953814,52.3392376030999,50.8971583102219,52.6889727453077,48.5781058323874,..,..,..,..,..,..,..,..,..,..,..,..,..,..,..,..,..,..,..,..,..,..,..,..,..,..,..,..,..,..,..,..,56.1383758562278
Singapore,SGP,Merchandise trade (% of GDP),TG.VAL.TOTL.GD.ZS,198.88277504313,198.931123010554,198.107872664629,198.998598585947,207.973252073151,204.327563229359,192.387529352566,210.609436298676,251.947842963956,254.657412068429,267.07387126031,277.521017955254,276.328585214819,265.576227849693,339.822898061485,310.853161973556,343.488071738593,336.204704386456,323.588953422516,303.257464358542,261.100333307383,264.774432872177,283.470866259862,261.615762588674,246.858070961541,257.103738441752,266.22056606853,276.469622471042,270.726629535322,262.765633018154,260.19483088947,275.499374226536,314.37566755518,309.60075748061,327.809246467025,292.773884235831,258.280819314939,256.293770128332,267.031423135172,281.099216984602,304.359810130307,342.421279652082,364.677736803043,342.866175997578,308.560008507204,282.719037252648,247.444397936468,239.790235783432,179.427733791296
Singapore,SGP,Net barter terms of trade index (2015 = 100),TT.PRI.MRCH.XD.WD,..,93.6066356304,91.1967325066,94.4875491934,95.0113548317,96.3180906691,98.6428630714,100,93.087750907,94.2106489297,92.4875235975,93.4425236789,96.0444434159,96.6106674379,95.7973966394,96.285212663,97.2901956212,98.5710217176,100.049252608,100.1492667281,108.3889198708,110.6411776678,114.1259020113,117.8073827765,119.0345429936,119.4588880908,119.1314240153,119.0878977658,120.5254852611,125.3147159698,125.2060867136,128.8153745146,132.5704922791,130.0789850611,131.8788201527,132.7045372596,139.3225297533,143.3209001445,142.9709102408,147.2592284422,150.5490622082,148.7095086779,144.7163499601,..,..,..,..,..,..
Singapore,SGP,"External debt stocks, total (DOD, current US$)",DT.DOD.DECT.CD,..,..,..,..,..,..,..,..,..,..,..,..,..,..,..,..,..,..,..,..,..,..,..,..,..,..,..,..,..,..,..,..,..,..,..,..,..,..,..,..,..,..,..,..,..,..,..,..,..
Singapore,SGP,"Total debt service (% of exports of goods, services and primary income)",DT.TDS.DECT.EX.ZS,..,..,..,..,..,..,..,..,..,..,..,..,..,..,..,..,..,..,..,..,..,..,..,..,..,..,..,..,..,..,..,..,..,..,..,..,..,..,..,..,..,..,..,..,..,..,..,..,..
Singapore,SGP,Net migration,SM.POP.NETM,214842,-44030,-145556,870,21820,-8880,13737,41852,40154,52176,78501,89856,72571,95841,176182,192292,135625,92023,50487,-30012,-40023,45027,55218,19681,51905,95241,102018,91947,71170,58820,54359,57821,66950,68031,40976,25411,-7858,-31036,-4396,11699,41568,85869,42433,-2384,436,2757,949,4104,26996
Singapore,SGP,"Personal remittances, received (current US$)",BX.TRF.PWKR.CD.DT,0,0,0,0,0,0,0,0,0,0,0,0,0,0,0,0,0,0,..,..,..,..,..,..,..,..,..,..,..,..,..,..,..,..,..,..,..,..,..,..,..,..,..,..,..,..,..,..,0
Singapore,SGP,"Foreign direct investment, net inflows (BoP, current US$)",BX.KLT.DINV.CD.WD,148763733075.435,137269287548.537,80732866659.8214,105890494138.633,82009180716.7877,102165867081.847,65363061549.6076,69774553124.9432,68698472830.5907,64389514904.4993,55310807547.7035,49155657316.2946,55322434161.8742,23436064059.7505,13598298537.0175,47337947782.775,39129332046.6561,19316058814.0754,24390254965.552,17051420152.8733,6157194143.82425,17006818857.2728,15515295182.2255,18852989358.6266,5958646073.68738,15701783678.7863,11432363956.363,11942852103.3601,8550165226.98864,4686312017.4899,2204342221.03992,4887094440.10304,5574738855.37738,2886591947.22067,3654794588.61821,2836204781.61429,1710283593.07362,1046746812.8759,1301871313.24794,1133905965.84743,1601850446.29613,1659967735.20666,1235750842.05265,836031838.203172,299908752.212453,291465114.461998,230690621.686814,291823050.760134,175241466623.637
Singapore,SGP,Net official development assistance and official aid received (current US$),DT.ODA.ALLD.CD,..,..,..,..,..,..,..,..,..,..,..,..,..,..,..,..,..,..,9140000.34332275,7070000.17166138,7190000.05722046,850000.023841858,1090000.0333786,-1110000.01430511,1620000.00476837,2809999.94277954,14880000.1144409,16659999.8474121,16860000.6103516,23639999.3896484,19940000.5340576,7769999.98092651,-1740000.00953674,95029998.7792969,22090000.1525879,23459999.0844727,29489999.7711182,23430000.3051758,40340000.1525879,14520000.4577637,20579999.9237061,21879999.1607666,13890000.3433228,5519999.98092651,6630000.11444092,12310000.4196167,11010000.2288818,11710000.038147,..
Kenya,KEN,"Population, total",SP.POP.TOTL,54252461,53219166,52217334,51202827,50207107,49197766,48139687,47088526,46051440,44986791,43888303,42758461,41598567,40408891,39206351,38036349,36904008,35796484,34713455,33652223,32629808,31619170,30642890,29733408,28888057,28101768,27344211,26601751,25857130,25117188,24382460,23646514,22892651,22118434,21356219,20616096,19901646,19201768,18514906,17846374,17206175,16601507,16018459,15460666,14934126,14428819,13957623,13511671,55339003
Kenya,KEN,Population growth (annual %),SP.POP.GROW,1.92297608206469,1.90040858948898,1.96197633664853,1.96381549826771,2.03083744189606,2.17412854990493,2.20775684612709,2.2270329432256,2.33901192230694,2.47210752389349,2.6080744180495,2.75013743696978,2.90158845467743,3.0211086032266,3.02964938264436,3.02220921188685,3.04704867411558,3.07223123352542,3.10482476419105,3.08528898836117,3.14626442047843,3.13629206541925,3.01293994477925,2.88430050146184,2.75957646009425,2.73276496655617,2.75278021555245,2.83906557159965,2.903399231403,2.96883713169678,3.06483168454324,3.23997624716531,3.44045635367696,3.50683931732563,3.52708553980729,3.52696880389304,3.5800083750048,3.64262207395944,3.67757870524855,3.65320193175194,3.57748566435714,3.57517296207229,3.54426236090347,3.46501914434705,3.44214036466766,3.32017154246189,3.24719801479584,3.3228334998343,1.98296028478422
Kenya,KEN,Surface area (sq. km),AG.SRF.TOTL.K2,580370,580370,580370,580370,580370,580370,580370,580370,580370,580370,580370,580370,580370,580370,580370,580370,580370,580370,580370,580370,580370,580370,580370,580370,580370,580370,580370,580370,580370,580370,580370,580370,580370,580370,580370,580370,580370,580370,580370,580370,580370,580370,580370,580370,580370,580370,580370,580370,..
Kenya,KEN,Population density (people per sq. km of land area),EN.POP.DNST,95.3235776786028,93.508040201005,91.7477843764276,89.9652581087255,88.215741293882,86.4422918789753,84.5832079980321,82.7362792985909,80.9140808939804,79.043453280388,77.1133692940226,75.1281951716625,73.0902185753945,70.9999139051903,68.8870067118811,66.8312699862951,64.8417050286397,62.8957444565485,60.992822504129,59.1281986857364,57.3317777699687,55.55604947816,53.8406894612925,52.2426959974699,50.7573830691921,49.3758442562463,48.044788628457,46.7402589872439,45.4319323892188,44.1318269670028,42.8408827353551,41.5477984327231,40.223233299364,38.8629054362723,37.5236655304494,36.2232420845486,34.9679270478265,33.7382155532909,32.5313736514742,31.3567382366377,30.2318849492216,29.169460941069,28.145024071406,27.1649611694838,26.239810942826,25.3519678813649,24.5240591067224,23.7405049724145,..
Kenya,KEN,Poverty headcount ratio at national poverty lines (% of population),SI.POV.NAHC,..,38.6,..,..,..,..,..,36.1,..,..,..,..,..,..,..,..,..,46.8,..,..,..,..,..,..,..,..,..,..,..,..,..,..,..,..,..,..,..,..,..,..,..,..,..,..,..,..,..,..,..
Kenya,KEN,Poverty headcount ratio at $2.15 a day (2017 PPP) (% of population),SI.POV.DDAY,..,36.1,35,..,..,..,..,29.4,..,..,..,..,..,..,..,..,..,36.7,..,..,..,..,..,..,..,25.4,..,..,25.9,..,26.4,..,..,..,..,..,..,..,..,..,..,..,..,..,..,..,..,..,..
Kenya,KEN,"GNI, Atlas method (current US$)",NY.GNP.ATLS.CD,117689640763.894,110339108512.713,99712048015.3376,96154458897.4586,86589036361.0521,75691962706.1825,71748257092.2357,62095754502.3638,57582713234.2114,50624928687.1964,46512374618.0548,43127835272.4114,38745132326.0621,33429518993.3187,32710324299.8731,27060697889.5665,21847771372.5558,18609115728.4665,16076227775.4748,14031378687.1153,12882102806.5332,13000590813.8568,13172821842.9123,13283704622.5544,12956211518.6662,11327630272.4896,9612736058.41274,7450069000.84418,6895073091.78686,6965870950.11921,8334013540.97786,8466101520.84654,8845123196.81818,9067001818.11361,9007022455.06492,7980499910.0254,6945763990.84193,6072634469.26959,5991196487.53546,6199954896.87911,6990942734.4062,7662932976.00745,7445379546.78603,6214419113.71302,4926113813.91933,4108841893.79503,3512648818.64287,3418793562.5906,116961158793.37
Kenya,KEN,"GNI per capita, Atlas method (current US$)",NY.GNP.PCAP.CD,2170,2070,1910,1880,1720,1540,1490,1320,1250,1130,1060,1010,930,830,830,710,590,520,460,420,390,410,430,450,450,400,350,280,270,280,340,360,390,410,420,390,350,320,320,350,410,460,460,400,330,280,250,250,2110
Kenya,KEN,"GNI, PPP (current international $)",NY.GNP.MKTP.PP.CD,314271691878.35,280169164036.839,248575224867.849,236169875961.746,218150951745.001,201600741005.068,186000269591.319,156100504955.454,137250578495.32,123488990916.32,111203385043.76,105284725887.098,96202675495.9382,87506739515.8357,96338850222.8299,93999273531.308,85787140779.3444,78327850690.454,71247619251.6804,65893484968.0628,62868335623.5316,61469779094.5156,57977561049.6131,56217184625.9946,54358466624.121,51885659093.0862,50544990864.4876,47348451517.2885,44012135130.9769,41683944365.4506,41055409590.1026,40399828431.8926,38597491331.0171,..,..,..,..,..,..,..,..,..,..,..,..,..,..,..,342940513798.935
Kenya,KEN,"GNI per capita, PPP (current international $)",NY.GNP.PCAP.PP.CD,5790,5260,4760,4610,4350,4100,3860,3320,2980,2750,2530,2460,2310,2170,2460,2470,2320,2190,2050,1960,1930,1940,1890,1890,1880,1850,1850,1780,1700,1660,1680,1710,1690,..,..,..,..,..,..,..,..,..,..,..,..,..,..,..,6200
Kenya,KEN,Income share held by lowest 20%,SI.DST.FRST.20,..,7.2,7.3,..,..,..,..,6.2,..,..,..,..,..,..,..,..,..,5,..,..,..,..,..,..,..,5.6,..,..,5.2,..,3.4,..,..,..,..,..,..,..,..,..,..,..,..,..,..,..,..,..,..
Kenya,KEN,"Life expectancy at birth, total (years)",SP.DYN.LE00.IN,63.549,61.225,61.596,62.939,62.825,62.725,62.526,62.279,61.99,61.729,61.537,61.283,60.915,60.483,59.955,59.407,59.059,58.51,57.947,57.369,56.759,56.501,56.084,55.866,55.568,55.478,55.575,55.856,56.101,56.668,57.095,57.826,58.334,59.99,60.32,60.721,60.818,60.856,60.611,60.342,59.904,59.562,59.175,58.691,58.234,57.684,57.153,56.62,63.646
Kenya,KEN,"Fertility rate, total (births per woman)",SP.DYN.TFRT.IN,3.262,3.312,3.364,3.433,3.536,3.609,3.689,3.766,3.843,3.955,4.116,4.284,4.446,4.567,4.66,4.718,4.754,4.801,4.861,4.937,5.027,5.094,5.136,5.177,5.244,5.268,5.307,5.372,5.438,5.569,5.74,5.94,6.135,6.332,6.515,6.686,6.84,6.96,7.083,7.218,7.345,7.454,7.531,7.598,7.666,7.729,7.767,7.795,3.208
Kenya,KEN,"Adolescent fertility rate (births per 1,000 women ages 15-19)",SP.ADO.TFRT,57.272,59.513,59.38,63.656,66.659,68.182,73.781,81.864,89.953,95.576,100.219,104.615,108.691,110.195,112.227,113.472,112.795,115.294,118.167,119.028,120.567,123.253,121.104,121.91,122.221,120.947,121.959,119.997,120.488,122.467,126.37,130.196,133.519,136.578,138.553,141.36,140.352,144.819,147.572,146.575,153.416,160.777,159.5,163.053,164.451,166.872,168.764,167.094,56.313
Kenya,KEN,"Contraceptive prevalence, any method (% of married women ages 15-49)",SP.DYN.CONU.ZS,62.5,64.7,65.1162106221682,59.8006521261165,61.9209893809262,59.9682382404727,61.1741487617736,64.0789073661562,58,..,..,..,..,45.5,..,..,..,..,..,39.3,..,..,..,..,39,..,..,..,..,32.7,..,..,..,26.9,..,..,..,..,17,..,..,..,..,..,7,..,..,..,..
Kenya,KEN,Births attended by skilled health staff (% of total),SH.STA.BRTC.ZS,..,..,..,..,..,..,70.2,..,61.8,..,..,..,..,43.8,..,..,..,..,..,41.6,..,..,42.6,..,44.3,..,..,..,..,45.1,..,..,..,50.1,..,..,..,..,..,..,..,..,..,..,..,..,..,..,..
Kenya,KEN,"Mortality rate, under-5 (per 1,000 live births)",SH.DYN.MORT,41.1,41.9,42.8,43.3,44.3,45.3,46,47.4,48.8,50,51.2,52.2,53.5,55.4,58.2,63.2,67.1,71.5,76.6,81.6,86.6,91.6,96.3,100.6,104.2,107,108.9,110,110.2,109.3,107.4,104.6,101.4,98.5,96.3,95.1,94.9,95.7,97.4,99.8,102.6,105.9,109.6,113.5,117.8,122.3,126.7,131.2,39.9
Kenya,KEN,"Prevalence of underweight, weight for age (% of children under 5)",SH.STA.MALN.ZS,9.8,..,..,..,..,..,13,..,11.2,..,..,12.4,..,..,16.5,..,..,18,..,16.4,..,..,17.1,..,17.8,..,..,..,17.9,19.4,..,..,..,..,..,..,..,..,..,..,..,..,..,..,..,..,..,..,..
Kenya,KEN,"Immunization, measles (% of children ages 12-23 months)",SH.IMM.MEAS,89,90,89,92,92,84,93,96,95,94,93,87,86,88,90,80,77,69,73,72,78,77,78,76,90,79,81,83,84,84,84,81,78,75,72,69,65,63,55,..,..,..,..,..,..,..,..,..,91
Kenya,KEN,"Primary completion rate, total (% of relevant age group)",SE.PRM.CMPT.ZS,..,..,..,..,..,..,102.726585388184,102.084579467773,99.568962097168,..,..,..,..,..,..,..,..,87.9280014038086,86.1129379272461,..,..,..,..,..,..,..,..,..,..,..,..,..,..,..,..,..,..,..,..,..,..,79.9424896240234,80.6689071655273,83.1708374023438,63.2378311157227,61.9270286560059,58.2779998779297,56.5771598815918,..
Kenya,KEN,"School enrollment, primary (% gross)",SE.PRM.ENRR,..,..,..,78.8391540273879,..,..,104.788917541504,105.452346801758,107.898483276367,..,112.314239501953,..,..,108.581962585449,107.593643188477,108.052001953125,101.536903381348,103.89037322998,103.928977966309,104.049499511719,89.3193130493164,95.1353302001953,94.130012512207,90.3930892944336,92.3906097412109,..,..,92.0585098266602,94.8455200195312,98.7195129394531,99.7321014404297,101.147979736328,103.370277404785,106.838050842285,106.039672851562,107.802627563477,108.019599914551,108.037200927734,112.686798095703,116.448081970215,116.226547241211,113.452430725098,115.722106933594,114.055671691895,94.3228225708008,97.609733581543,97.8839111328125,101.617897033691,..
Kenya,KEN,"School enrollment, secondary (% gross)",SE.SEC.ENRR,..,..,..,..,..,..,..,..,..,..,..,..,..,57.8705596923828,57.1344604492188,50.9123115539551,48.7971496582031,47.1551094055176,46.9004898071289,43.2558097839355,41.428539276123,41.158561706543,40.3647918701172,39.6874618530273,..,..,..,..,..,..,..,..,..,..,39.7036209106445,39.9140701293945,37.5152893066406,37.6873512268066,30.1341094970703,28.6093597412109,27.3246994018555,27.3535900115967,28.0641708374023,25.4091205596924,24.7152690887451,23.2531108856201,22.8783397674561,20.8267307281494,..
Kenya,KEN,"School enrollment, primary and secondary (gross), gender parity index (GPI)",SE.ENR.PRSC.FM.ZS,..,..,..,..,..,..,..,..,..,..,..,..,..,0.950529992580414,0.954289972782135,0.946319997310638,0.954370021820068,0.95169997215271,0.93383002281189,0.964600026607513,0.944649994373322,0.962180018424988,0.970409989356995,0.962199985980988,..,..,..,..,..,..,..,..,..,..,0.91855001449585,0.909250020980835,0.907159984111786,0.899940013885498,0.904709994792938,0.89342999458313,0.89385998249054,0.889050006866455,0.876540005207062,..,..,..,..,0.812479972839355,..
Kenya,KEN,"Prevalence of HIV, total (% of population ages 15-49)",SH.DYN.AIDS.ZS,3.7,3.9,4,4.2,4.4,4.6,4.8,4.9,5.1,5.2,5.4,5.5,5.6,5.7,5.9,6.1,6.3,6.6,6.9,7.3,7.8,8.3,8.7,9.2,9.5,9.8,10,9.9,9.6,9,8.1,6.8,5.5,..,..,..,..,..,..,..,..,..,..,..,..,..,..,..,..
Kenya,KEN,Forest area (sq. km),AG.LND.FRST.K2,36110.9,36110.9,36110.9,36110.9,36110.9,35815.3,35519.7,35224.1,35411.96,35599.82,35787.68,35975.54,36163.4,36508.25,36853.1,37197.95,37542.8,37887.65,38232.5,38577.35,38922.2,39267.05,39611.9,39509.25,39406.6,39303.95,39201.3,39098.65,38996,38893.35,38790.7,38688.05,38585.4,..,..,..,..,..,..,..,..,..,..,..,..,..,..,..,..
Kenya,KEN,Terrestrial and marine protected areas (% of total territorial area),ER.PTD.TOTL.ZS,10.3,10.5,10.5,10.5,10.5050828924669,10.5,10.5050213796236,10.3,10.3,12.1,..,..,..,..,..,..,..,..,..,..,..,..,..,..,..,..,..,..,..,..,..,..,..,..,..,..,..,..,..,..,..,..,..,..,..,..,..,..,10.3
Kenya,KEN,"Annual freshwater withdrawals, total (% of internal resources)",ER.H2O.FWTL.ZS,..,19.4782608695652,19.4782608695652,19.4782608695652,19.4782608695652,19.4782608695652,19.4782608695652,15.5555555555556,15.5536231884058,15.551690821256,15.5497584541063,15.5478260869565,15.5458937198068,14.9261559695652,14.3064182193237,13.6866804690821,13.0669427193237,12.4472049690821,11.8274672188406,11.207729468599,9.9837730705314,8.75981667294686,7.53586027487923,7.77212931980676,8.0083983647343,8.24466740966184,8.48093645507246,8.7172055,8.95347454492754,9.18974358985507,9.42601263478261,9.66228167971015,9.89855072463768,..,..,..,..,..,..,..,..,..,..,..,..,..,..,..,..
Kenya,KEN,Urban population growth (annual %),SP.URB.GROW,3.69361253636453,3.66365845337805,3.72051653733233,3.71313408337553,3.77740798679474,3.90960950314123,3.93489984020435,3.94487350039317,4.04654354354611,4.17237011387929,4.29184343546766,4.42456305966733,4.56137741525597,4.68697832510865,4.71036612868969,4.70895850350629,4.73968245397193,4.77054360924864,4.81814358813451,4.80419904790051,4.87053014757163,4.86566918968172,4.74718519800371,4.57628466333603,4.45950896000862,4.4351805897719,4.46825208829689,4.5566320987582,4.62830293249948,4.70096139378496,4.8040103680553,4.98604314338967,5.02324432126322,4.12752029371699,4.15160587233275,4.14927826260327,4.20619119996548,4.26647861678232,4.30536270414007,4.27864344645778,4.2068350921523,4.20210081250798,4.71906426940137,7.81784647943542,7.82999709322904,7.73152742704423,7.70720677387024,7.79650884986572,3.7532812126178
Kenya,KEN,Energy use (kg of oil equivalent per capita),EG.USE.PCAP.KG.OE,539.846925409404,538.101489714657,532.999343083954,542.042029531549,544.61857620749,536.715469227383,531.502059654673,528.550711644325,495.609187616767,469.620774523591,461.026866891178,471.117585863612,468.146619756257,469.271478896226,454.930773830584,455.080900004322,458.805496880821,452.689457808482,448.898899776778,434.521769433443,444.971132929664,452.241875873753,460.259557885245,456.538593422557,459.660865276432,454.088877830359,461.838833650534,458.336654675901,449.507805087947,457.896592824603,462.300423815698,465.974720380201,473.452722581552,..,..,..,..,..,..,..,..,..,..,..,..,..,..,..,543.765743192359
Kenya,KEN,Electric power consumption (kWh per capita),EG.USE.ELEC.KH.PC,189.355465367737,184.426039295693,172.643819770653,175.810605144907,178.142110438668,175.597404158555,173.266602252732,172.165083273152,165.749431505291,159.402345457359,149.903266936523,152.928796946176,146.399273801908,140.835342400265,141.329143331906,140.602348558743,133.318852521385,131.018454214665,130.957866337419,125.816353944879,117.71445299341,118.061290033862,109.062820119121,122.589378250889,132.961521088109,132.020163286523,134.65372981506,132.096567628199,129.790119785142,132.299841845353,129.560347889425,129.4482560939,127.988671997839,..,..,..,..,..,..,..,..,..,..,..,..,..,..,..,190.082933008388
Kenya,KEN,GDP (current US$),NY.GDP.MKTP.CD,114448978152.637,109703658904.994,100657505750.545,100378436207.371,92202979985.2863,82036510877.2599,74815144163.8931,70120446896.8359,68285796514.2896,61671440407.8387,56396704671.5777,46869473150.61,45405615063.7551,42347217912.9176,35895153327.8497,31958195182.2406,25825512284.2891,18737895512.7378,16095337093.8366,14904517649.8476,13147736898.5176,12986007425.8781,12705350097.8044,12896010459.3711,14093998843.7334,13115764358.2846,12045865396.1323,9046320255.40507,7148148564.04239,5751786642.55871,8209120763.04955,8151488783.19064,8572359038.16958,8283114514.17081,8355380879.12955,7970820369.2949,7239126568.14092,6135034213.78998,6191437070.18411,5979198313.76093,6431579356.95926,6854491705.88377,7265315820.20777,6234391113.46434,5303735110.55151,4494378764.32011,3474542391.69992,3259345083.26283,108038588970.595
Kenya,KEN,GDP growth (annual %),NY.GDP.MKTP.KD.ZG,4.85998104287999,7.59048947333467,-0.272766327438816,5.11415885767801,5.64794640709219,3.83795817364721,4.21351706814744,4.96772112759767,5.02011100232484,3.7978483925754,4.56867961444982,5.1211061197056,8.05847360290906,3.30693981631089,0.232282744812977,6.85072976998784,6.47249430015484,5.90666607980057,5.10429977629738,2.93247554570904,0.546859530175595,3.77990649795343,0.599695390807426,2.30538859522412,3.29021372249065,0.474901921293579,4.14683926876013,4.40621652482287,2.632784517837,0.353197256227247,-0.799493958641349,1.43834679171559,4.19205097155167,4.69034876792047,6.20318382314591,5.93710744420895,7.17755539065963,4.30056181879613,1.75521697703473,1.3090502411486,1.50647825757706,3.77354419402822,5.5919762059677,7.61522604591983,6.91249354626197,9.45379784408087,2.15396450322561,0.882203175319148,5.55587301319866
Kenya,KEN,"Inflation, GDP deflator (annual %)",NY.GDP.DEFL.KD.ZG,6.95705445631218,4.3307475585662,4.94885283291357,4.2752342393575,4.21502841459056,7.58193402820181,5.84962894648808,9.23865468396285,7.63503190149002,7.3375622336044,9.52297221154848,10.0650129672316,1.63919964802533,27.6968163767013,15.1511749642626,8.12948559613378,23.5301332510109,4.89964972058961,7.12684155505391,6.19731323900996,0.93320555589554,1.57312029702597,6.07984848923864,4.19393904906435,6.93140266888905,11.4352163318294,41.9887739085188,11.2210708426678,17.0164147872542,25.698483612532,18.8972340828787,12.5319618961838,10.6371987367347,9.76900937253662,6.45562427885882,5.40195208383581,8.71172359110277,8.30578269594497,10.1907199754761,11.8380374880106,11.5925537512913,10.8530772679157,9.55072003641222,5.63864406355114,3.080995548347,16.8998206192357,18.9061718629036,11.8351086252531,6.10780209189015
Kenya,KEN,"Agriculture, forestry, and fishing, value added (% of GDP)",NV.AGR.TOTL.ZS,21.0361920649933,21.4770750957252,22.7027261604451,20.8611638110686,20.314910419968,20.8936374065292,20.0345164328349,19.4696147780528,18.3478393393556,18.6165515854622,18.8297259329446,18.8947112249953,17.5677598863696,16.2549814662286,22.1963401579826,20.5866644602991,20.5196878049409,24.2362747002419,24.9290410875057,25.8044393708329,25.8539676039456,27.8492601112896,28.7217806412905,28.7440796130558,27.7449136009738,27.6939373994727,27.4925217805866,26.3496195621312,28.1153566812096,26.8080134088411,24.781287223819,24.3201481720275,25.3141333603755,25.9638119035868,25.5402040600799,27.1716538650978,28.7775774262261,28.6062318225284,29.5098977394204,29.8687559836265,28.9666010892868,27.8734520123839,27.7907613507416,30.1862501072869,32.0642230927976,37.0068283241034,33.3269159328564,30.1729756831286,21.8099563923185
Kenya,KEN,"Industry (including construction), value added (% of GDP)",NV.IND.TOTL.ZS,17.5274480968435,17.1524357767952,17.4002876322786,16.9305452274709,17.313146131064,17.5035092078691,18.1621592865164,18.8940456983605,19.0360328023672,19.0802591143975,19.26155255789,19.6629008334867,18.5746727706851,18.386624667775,18.5827717274425,19.3021680815154,19.3841059353688,17.0126260396617,16.2050773387406,15.6231500412624,15.4535611803669,15.3096240912508,15.0158560285564,14.915302558375,15.5421633218862,15.926383171516,16.3920534652717,13.5565179326743,14.5520570887762,14.3670196698653,15.8460707265979,17.0035108667738,16.3257927194842,16.3699112873458,16.7532821189209,15.929756823564,16.1804594237027,16.7407322173242,16.4291493076177,16.9086920577645,17.3095812253195,17.3890608875129,17.7777789731857,17.3203995365205,17.4325155020417,15.8669847841282,16.3573163181068,17.886688393081,16.8580693934385
Kenya,KEN,Exports of goods and services (% of GDP),NE.EXP.GNFS.ZS,12.1919692160845,10.7695743362259,9.64186888186451,11.4279956869332,12.541975333359,12.7366599413725,13.2497448006759,15.1287339034504,16.4728044658123,17.7921805531655,19.8649477228834,21.5494770708279,20.1243596478793,18.7749454916013,22.6740575532267,21.9189912933699,22.9849396441861,28.5090302142012,26.6102585752973,24.086815305421,24.8979726147002,22.9315763643367,21.5875711417625,20.8327351985075,20.1692608275285,22.686387351635,25.2006019494243,32.5917012190029,37.0402808384151,38.9036301698042,26.2603741906351,27.0416323240194,25.6926059649364,23.0330294282825,22.3712135609168,21.3052213474356,25.8483552726796,25.2989329600959,26.7498926521639,25.9499324054367,26.6574659989352,30.4598813209494,29.516964217512,25.7531542356879,28.9355183365614,34.9588687563848,32.4504712438085,29.8236859697501,11.6861054407608
Kenya,KEN,Imports of goods and services (% of GDP),NE.IMP.GNFS.ZS,21.4991695109477,20.0547288409003,17.5959466433724,20.3314661545478,21.8727778433835,23.2583979340349,21.6152747725065,25.1986507884515,29.6976848964037,29.6724619595649,31.7587443003647,36.8527289037346,30.2699277024041,27.1702463211792,34.9045410940864,31.975797511236,32.2515454815442,35.9698359497784,32.8667447731316,30.045450590308,30.2746996493051,33.0152596643276,31.7214732444648,27.359539790402,28.7279811125469,31.3707295086543,32.1115087543859,39.1540404213006,34.2258443908956,33.9548511937601,26.6704959131936,28.5560669003459,31.3283077167904,30.1233477950354,27.6037685308535,26.3975466582492,29.8930303200573,30.1465015930706,32.0540049258986,28.2127729852925,31.558271148705,33.8203044375645,35.8998317232487,31.6110205132607,38.6880223248916,31.5930964030324,31.7556377270226,34.5115818500877,20.405973840686
Kenya,KEN,Gross capital formation (% of GDP),NE.GDI.TOTL.ZS,19.0540638513609,20.3912447822361,19.6515841707054,19.3418324204191,19.3759862497025,20.6634949022773,19.3484358309332,22.1033982020293,24.9507189987733,22.4049681039862,22.1933629258823,21.8858122759467,21.2639987992095,19.0191724248254,19.6127114227698,20.4569783889085,18.633585404403,17.6496847904784,16.962495556485,16.4821493891933,15.1382158893462,18.790340524259,17.4140906154511,15.5214148674685,16.6927164077638,15.1409881437805,15.0038226855311,21.8197611034428,19.2932429676681,17.6104350597216,16.9208390832406,20.9705148585975,24.1640928963226,24.8620776143297,25.4490410212095,24.2894328729648,21.7680371734426,25.3248237306024,19.8110319511085,20.9250655214958,21.8602148394683,22.9134416924665,24.5071406229961,18.1327783022916,29.7892893210325,23.7233211462982,20.2442178040726,18.1398934570068,16.3568914711063
Kenya,KEN,"Revenue, excluding grants (% of GDP)",GC.REV.XGRT.GD.ZS,17.8826094865972,17.3452383502575,17.6588131025385,19.0978050742836,18.6789342149032,21.1458721961561,19.0657755266586,19.3515429430809,19.5621058827303,..,..,..,..,..,..,..,..,..,..,..,..,..,..,..,..,..,..,..,..,..,..,..,..,..,..,..,..,..,..,..,..,..,..,..,..,..,..,..,18.5460646224245
Kenya,KEN,Domestic credit provided by financial sector (% of GDP),FS.AST.DOMS.GD.ZS,..,..,..,..,..,..,..,..,..,..,..,..,..,..,..,..,..,..,..,..,..,..,..,..,..,..,..,..,..,..,..,..,..,..,..,..,..,..,..,..,..,..,..,..,..,..,..,..,..
Kenya,KEN,Tax revenue (% of GDP),GC.TAX.TOTL.GD.ZS,14.5993496343343,13.554644324086,14.2998226320714,15.1001093470909,14.3612789172776,15.0524641340645,14.9664727307544,14.8394826504099,15.1870212650473,..,..,..,..,..,..,..,..,..,..,..,..,..,..,..,..,..,..,..,..,..,..,..,..,..,..,..,..,..,..,..,..,..,..,..,..,..,..,..,13.9931197653574
Kenya,KEN,Military expenditure (% of GDP),MS.MIL.XPND.GD.ZS,1.01020520038813,1.07720025210221,1.10843419595019,1.1125711791299,1.20738536752593,1.23759400127025,1.24730980077159,1.20316940776845,1.19943336712808,1.39539650803677,1.48957729008126,1.37974304585955,1.3699852575929,1.36507571681354,1.61585029427424,1.54791227998168,1.45517741016444,1.69058701379422,1.61419423692636,1.65009984272562,1.63240781121287,1.50475490196078,1.31374203224597,1.18697414805458,1.22012251882916,1.34063859838611,1.4179547033567,1.64671623136492,1.64125280758672,1.83774159512733,1.90074676245392,2.35425808983553,2.88821495785942,2.74085168629691,2.94555339497599,3.13374349122125,2.50357532007627,2.37575745554443,3.47691247415576,4.19523392431061,4.57278317930395,4.22532483879088,4.51531983515499,5.50160584679969,5.19929215471476,3.74017554053641,2.48474297785776,1.87890255439924,0.905816835053688
Kenya,KEN,Mobile cellular subscriptions (per 100 people),IT.CEL.SETS.P2,121.6735548,122.7902388,118.1263492,107.0734925,99.09540718,87.47035459,81.39149513,80.50105901,73.38263833,71.06121963,70.28287597,65.86296741,60.14006827,47.97429887,41.60465635,29.83798266,19.8788531,12.86713923,7.31825995,4.711047036,3.621502166,1.886772102,0.412957432,0.079282155,0.03691479,0.023857485,0.010233296,0.008478944,0.007614676,0.004576275,0.004461439,0,0,0,0,0,0,0,0,0,0,0,0,0,0,0,0,0,..
Kenya,KEN,High-technology exports (% of manufactured exports),TX.VAL.TECH.MF.ZS,2.26073811025712,3.12736061396888,5.11178261072947,4.59327769222193,3.61296275113367,3.34859041785183,7.58623435569943,4.3660951885799,..,4.0691011885942,..,..,6.71761896936788,6.0626734671998,4.69438903898791,..,..,..,..,..,..,..,..,..,..,..,..,..,..,..,..,..,..,..,..,..,..,..,..,..,..,..,..,..,..,..,..,..,3.04169416728318
Kenya,KEN,Merchandise trade (% of GDP),TG.VAL.TOTL.GD.ZS,24.9692050215491,23.9718531382575,21.3287621622631,23.405425395813,25.4113261889572,27.3463604925433,26.4679032852238,31.373160003338,35.8947266506158,36.0199143284101,39.7487763346172,43.8195665950913,38.0173244559335,34.6303741373447,44.9336428589264,40.897178096162,41.5674232589401,49.4505906156916,44.9633329069652,41.1687257793462,40.7750781855428,39.5502623059122,38.0863176752307,35.5071051968061,36.9306117994631,40.6609927894246,41.6491454537659,53.8340437051212,51.453883016668,54.7308201021795,38.7374006521337,37.3306040275126,37.9708780920943,37.7273547848907,36.5632643705198,33.8610064579683,38.8582790136574,39.0217872724964,41.0728554804544,36.8444042896163,41.4983606959933,44.9048613970588,46.3847695461039,43.7252002703631,51.5485774272709,55.0687899215012,50.6253716806549,47.5862469415894,23.8581420264712
Kenya,KEN,Net barter terms of trade index (2015 = 100),TT.PRI.MRCH.XD.WD,..,92.1551646806,99.3224961106,99.098562776,98.3679403125,104.6033030797,99.7216503957,100,88.3775803817,87.6528848886,91.1666182542,91.5680542823,95.1124521804,96.7796292078,86.1675116296,86.9442121107,89.5568752867,90.7515942216,91.517647141,91.5604753761,92.383176658,95.8066341806,100.4252952606,98.4940395856,110.3773515377,114.5036076916,108.7077938585,104.3253066812,107.6849551965,95.2752801172,81.3791185746,79.0231831557,70.4475951815,79.7026152911,81.4053529758,78.1937413481,85.8597944252,77.0178956101,87.3930050326,77.7013233366,81.9647630448,88.4866237941,101.1530148104,..,..,..,..,..,..
Kenya,KEN,"External debt stocks, total (DOD, current US$)",DT.DOD.DECT.CD,41556299639.8,41219100011.5,38038451074.1,34970099589.9,31433802015.7,26951349499.4,21057671043.3,19783760501.7,16911742536.7,13775500738.7,11832175543.2,10042095566.4,8885235532.9,8585721249,7691776548.9,7576695048.2,6719657604,6501013208.9,6916593410.5,6715084650.7,6095869527.9,5495276586,6147150097.6,6524904617.7,6823161838.5,6465020215.1,6813721635.2,7309198401,7124419830.7,7111518961.1,6898195691.8,7453499318.4,7055158928.9,5889233567.6,5809644178.8,5783681917.2,4603589573.6,4181365915.7,3511509910.2,3628284465.8,3367814483.6,3228165912.1,3386803513.5,2720995167.7,2173728428.2,1658887244,1493325017.4,1290219777.3,42910026054.2
Kenya,KEN,"Total debt service (% of exports of goods, services and primary income)",DT.TDS.DECT.EX.ZS,23.6732133721051,20.3682612971748,28.7530912934192,38.4273024434187,23.6995062707775,14.5974443871521,11.1736382993382,8.33004713955533,11.362004823099,4.73075851407227,4.6495039960247,4.31690093770715,4.40619610700289,5.14297262607261,4.88681340498547,6.33193280296341,7.13640902609938,9.98729954136341,8.28271114274799,15.8395942005604,16.3518460197548,15.8770724297325,21.0196812552366,15.8253913979619,14.8526034647986,15.5626688001832,22.389625941754,25.2639536243036,20.5640053250764,17.0594506222193,31.1389325784184,32.6135499035496,35.4124283630656,36.6398607879798,38.9914422467964,39.7669428979715,35.6066125489206,38.6658831324043,34.7957612480719,33.7741974314409,30.4825101956896,26.9657704290968,21.0285042554811,18.3721447470291,13.9745766381538,20.4520757631118,14.8104650367997,14.9366847944077,30.1791259214121
Kenya,KEN,Net migration,SM.POP.NETM,-10003,-52552,-17111,-61949,-115436,-68702,-29728,-95977,-72415,-57634,-42928,-44795,-21069,7096,29612,-11495,15767,5501,31525,24175,10431,55052,5407,-13257,-70023,-80443,-79276,-75506,-40367,-61054,-43085,-60087,-11338,-24949,-31894,-48633,-53183,-35400,-33253,-23905,-43382,-52761,-39920,-56280,-60718,-57493,-90990,-71421,-10003
Kenya,KEN,"Personal remittances, received (current US$)",BX.TRF.PWKR.CD.DT,4059710201.31201,3770089638.54769,3107932253.39579,2838192215.41577,2720366061.45975,1962273106.47771,1744639174.70127,1569267849.8376,1440846249.81752,1304277230.82376,1211021439.49348,934149203.154614,685757272.44336,631460883.164752,667317334.023689,645207871.37258,570459274.012712,424991045.929028,375811334.23186,65845295.3810806,57143479.9765542,50914426.2781064,537900024.4,584854296.868427,531912792.980236,506615136.791924,87542881.4214162,87497853.0619388,137279998.8,118139999.4,114839996.3,124080001.8,139259994.5,89099998.47,76559997.56,66000000,52139999.39,66000000,56759998.32,58080001.83,67980003.36,78540000.92,27719999.31,19139999.39,26399999.62,18479999.54,9899999.619,13199999.81,4227611606.30686
Kenya,KEN,"Foreign direct investment, net inflows (BoP, current US$)",BX.KLT.DINV.CD.WD,791581760.055161,419719612.932137,-5403752.28986896,469940266.776669,767761506.730644,1346085345.21692,469533310.683932,619724465.016411,820937598.36054,1118825000.19331,1380173661.94265,1450474757.0818,178064606.752108,116257608.986359,95585680.233444,729044146.04372,50674725.1830695,21211685.395223,46063931.4543862,81738242.6366212,27618447.058206,5302622.93940566,110904550.399762,51953455.9539555,26548245.9700464,62096809.7799305,108672931.624341,42289248.4582554,7432412.60236849,145655517.114549,6363133.1446811,18830976.8357173,57081096.1781558,62189917.2680637,394430.639372066,39381344.2023682,32725776.7881461,28845949.0411445,10753527.417594,23738842.6826748,13000894.9566675,14147557.1804225,78973745.6201712,84009903.2805679,34414129.6353199,56545225.6651086,46371850.8569701,17158747.4682439,728766608.605276
Kenya,KEN,Net official development assistance and official aid received (current US$),DT.ODA.ALLD.CD,2652010009.76563,3176919921.875,3989209960.9375,3171919921.875,2491010009.76563,2480219970.70313,2188389892.57813,2463560058.59375,2661030029.29688,3306840087.89063,2653659912.10938,2478820068.35938,1631260009.76563,1697680053.71094,1249430053.71094,1222040039.0625,941650024.414063,756570007.324219,655929992.675781,522900024.414063,388220001.220703,472410003.662109,513919982.910156,311250000,415260009.765625,448649993.896484,596260009.765625,733090026.855469,677869995.117188,915630004.882813,884919982.910156,916460021.972656,1181290039.0625,1059699951.17188,832030029.296875,557219970.703125,442959991.455078,426660003.662109,408429992.675781,396100006.103516,484600006.103516,448149993.896484,394790008.544922,348339996.337891,245610000.610352,160759994.506836,154600006.103516,124819999.694824,..
China,CHN,"Population, total",SP.POP.TOTL,1412175000,1412360000,1411100000,1407745000,1402760000,1396215000,1387790000,1379860000,1371860000,1363240000,1354190000,1345035000,1337705000,1331260000,1324655000,1317885000,1311020000,1303720000,1296075000,1288400000,1280400000,1271850000,1262645000,1252735000,1241935000,1230075000,1217550000,1204855000,1191835000,1178440000,1164970000,1150780000,1135185000,1118650000,1101630000,1084035000,1066790000,1051040000,1036825000,1023310000,1008630000,993885000,981235000,969005000,956165000,943455000,930685000,916395000,1410710000
China,CHN,Population growth (annual %),SP.POP.GROW,-0.0130995013525784,0.0892522000412526,0.238040870229883,0.354740890170827,0.467672053461959,0.605245013482969,0.573050906069647,0.581456146657648,0.630326389541893,0.666072977690069,0.678345458846803,0.546457594880274,0.482959688678361,0.497381400884935,0.51238693163744,0.522271866392275,0.558374367373002,0.588124989556992,0.593932815112141,0.622860936133583,0.669999567758626,0.726380637838525,0.787956592953992,0.865851392993279,0.959550406298151,1.02345002419879,1.04814151412165,1.08650915088974,1.13026063215591,1.14961943083465,1.2255362283362,1.36443400840349,1.46730321087928,1.53316999599862,1.61007108578698,1.6036050865576,1.48739892914903,1.36169911825369,1.31206876113779,1.4449496950092,1.47267476016581,1.28095234429252,1.25422105193987,1.33392795351687,1.33818233834084,1.36277947570678,1.54733797287665,1.76639178162482,-0.103794531589067
China,CHN,Surface area (sq. km),AG.SRF.TOTL.K2,9562910,9562910,9562910,9562910,9562910,9562910,9562910,9562911,9562911,9562911,9562911,9562911,9562911,9562911,9562910.8,9562910.8,9562911.4,9562911.8,9562912.5,9562912.7,9562913.2,9562914.2,9562920,9562930,9562930,9562930,9562930,9562940,9562950,9562950,9562950,9562950,9562950,9562950,9562950,9562950,9562950,9562950,9562950,9562950,9562950,9562950,9562950,9562950,9562950,9562950,9562950,9562950,..
China,CHN,Population density (people per sq. km of land area),EN.POP.DNST,150.42004812419,150.439753691066,150.305542803154,149.948179684945,149.417194545073,148.720043543977,147.822641376791,146.977949259981,146.125816729087,145.207643927049,144.243669001474,143.268509836432,142.487743405,141.801244134798,141.097705219827,140.376588050196,139.645342881819,138.867766063821,138.053436689892,137.235919250104,136.383779609948,135.473048750848,134.492481002789,133.436760709953,132.286384121395,131.023100200996,129.688982907321,128.336621134526,126.949644502437,125.522861023087,124.088088834447,122.576625036615,120.915506084734,119.154261976407,117.341357547999,115.467206348361,113.630335792081,111.952706840998,110.438580140069,108.999014725854,107.435358027321,105.864777780737,104.517348813677,103.214656618646,101.846989588049,100.493169653556,99.132958751631,97.6108433414108,..
China,CHN,Poverty headcount ratio at national poverty lines (% of population),SI.POV.NAHC,..,..,0,0.6,1.7,3.1,4.5,5.7,7.2,8.5,10.2,12.7,17.2,..,..,..,..,30.2,..,..,..,..,49.8,..,..,..,..,..,..,..,..,..,..,..,..,..,..,..,..,..,..,..,..,..,..,..,..,..,..
China,CHN,Poverty headcount ratio at $2.15 a day (2017 PPP) (% of population),SI.POV.DDAY,..,0,0,0,0,0,0.1,0.6,1.7,2.7,8.3,10,13.4,..,17.3,..,..,22.3,..,..,36.9,..,..,46.1,..,..,48.2,..,..,65.6,..,..,72,..,..,..,..,..,..,..,..,..,..,..,..,..,..,..,..
China,CHN,"GNI, Atlas method (current US$)",NY.GNP.ATLS.CD,18158288229355.8,16883573489783.9,14843775282281.3,14512888852526,13385454878143.3,12104947880654.7,11387926589492.6,10883162711702.3,10246590034899.1,9193837990459.61,8006075583183.82,6783885619291.2,5801876370444.58,4901280172850.98,4104175432625.56,3310314337478.36,2706553203647.99,2295104003346.23,1959622282141.75,1648317836488.35,1423137192431.16,1287485201245.68,1181517776454.72,1072772847463.27,991172076580.332,926893262249.789,795390463724.332,649678463891.076,556579250602.489,493421090784.685,459950599679.259,407777878450.531,374169581688.505,358741535498.846,365484743201.227,350323160363.539,331338705739.049,301516479115.154,259465013808.305,229271816406.913,222315016669.459,223110837644.096,214902461416.892,203029370671.159,187709615018.486,183673134178.09,173661911894.858,187354360419.15,18883066161555.5
China,CHN,"GNI per capita, Atlas method (current US$)",NY.GNP.PCAP.CD,12860,11950,10520,10310,9540,8670,8210,7890,7470,6740,5910,5040,4340,3680,3100,2510,2060,1760,1510,1280,1110,1010,940,860,800,750,650,540,470,420,390,350,330,320,330,320,310,290,250,220,220,220,220,210,200,190,190,200,13390
China,CHN,"GNI, PPP (current international $)",NY.GNP.MKTP.PP.CD,31515177569068.8,28620861782223.2,25044516316641.5,24232656456410.3,22355235407453.8,20567696024679.6,19169812362362,18129538824739.2,17445351113071.7,16241642397322.3,15177598896780.6,13715341860808.5,12328903441552.9,11038741920461.8,10107778077318.6,9008385227844.28,7646438667782.58,6546437115117.82,5723515413162.85,5043796857552.61,4476812145167.26,4022423964124.14,3639295562025.58,3276473543210.2,2991879227942.7,2756575778359.96,2473290823987.59,2205922575486.01,1975403042520.81,1710632766867.25,1471095995173.71,1261127580788.92,1117173686049.86,..,..,..,..,..,..,..,..,..,..,..,..,..,..,..,34368922355773.2
China,CHN,"GNI per capita, PPP (current international $)",NY.GNP.PCAP.PP.CD,22320,20260,17750,17210,15940,14730,13810,13140,12720,11910,11210,10200,9220,8290,7630,6840,5830,5020,4420,3910,3500,3160,2880,2620,2410,2240,2030,1830,1660,1450,1260,1100,980,..,..,..,..,..,..,..,..,..,..,..,..,..,..,..,24360
China,CHN,Income share held by lowest 20%,SI.DST.FRST.20,..,7.4,7.2,6.7,6.5,6.4,6.5,6.4,6.2,6.2,5.3,5.4,5.1,..,5.2,..,..,5.9,..,..,5.7,..,..,6.5,..,..,7.4,..,..,7.9,..,..,8.3,..,..,..,..,..,..,..,..,..,..,..,..,..,..,..,..
China,CHN,"Life expectancy at birth, total (years)",SP.DYN.LE00.IN,78.202,78.117,78.019,77.94,77.709,77.235,77.214,76.975,76.714,76.452,76.2,75.889,75.668,75.317,74.833,74.789,74.404,74.085,73.727,73.385,73.034,72.675,72.288,71.952,71.601,71.227,70.823,70.363,69.835,69.492,69.059,68.61,68.155,67.93,67.607,67.263,66.887,66.532,66.148,65.728,65.249,64.778,64.243,63.704,63.102,62.458,61.225,60.952,77.953
China,CHN,"Fertility rate, total (births per woman)",SP.DYN.TFRT.IN,1.034,1.117,1.236,1.496,1.539,1.795,1.772,1.67,1.769,1.714,1.798,1.668,1.687,1.714,1.701,1.666,1.644,1.624,1.605,1.57,1.566,1.563,1.628,1.53,1.522,1.527,1.554,1.588,1.628,1.691,1.776,1.934,2.514,2.52,2.539,2.76,2.721,2.633,2.607,2.559,2.972,2.792,2.739,2.745,2.716,2.844,3.235,3.571,0.999
China,CHN,"Adolescent fertility rate (births per 1,000 women ages 15-19)",SP.ADO.TFRT,5.463,5.996,6.737,8.277,8.691,10.236,10.747,10.887,12.049,11.976,12.534,11.801,12.158,11.994,11.026,9.141,8.5,6.645,5.638,6.459,6.122,6.104,6.444,6.163,4.673,6.427,7.318,8.652,8.754,13.469,16.081,18.812,23.214,27.594,29.011,29.949,28.451,27.811,27.065,25.309,23.99,15.949,11.76,12.092,14.906,20.777,25.828,27.197,5.227
China,CHN,"Contraceptive prevalence, any method (% of married women ages 15-49)",SP.DYN.CONU.ZS,..,..,..,..,..,84.5,..,..,..,..,..,..,..,..,..,..,84.6,..,..,..,..,86.9,..,..,..,83.8,..,..,..,..,..,..,..,..,..,..,..,..,..,..,..,..,..,..,..,..,..,..,..
China,CHN,Births attended by skilled health staff (% of total),SH.STA.BRTC.ZS,..,..,..,..,..,..,99.9,99.9,99.9,99.9,99.8,99.7,99.6,99.3,99.1,98.4,97.8,97.5,97.3,95.9,96.7,97.3,96.6,96.8,..,93.8,93.1,89.3,90.4,83.6,84.1,93.7,94,..,..,..,..,..,..,..,..,..,..,..,..,..,..,..,..
China,CHN,"Mortality rate, under-5 (per 1,000 live births)",SH.DYN.MORT,6.6,7,7.5,8,8.6,9.2,9.9,10.7,11.5,12.5,13.5,14.6,15.8,17.1,18.5,20.1,21.9,24,26.4,28.9,31.5,34.2,36.7,39.1,41.4,43.6,45.6,47.5,49.3,50.8,52.2,53.1,53.7,53.9,54,54,54,54.3,55,56.1,57.8,60,62.8,66.2,70.1,74.7,79.7,85,6.2
China,CHN,"Prevalence of underweight, weight for age (% of children under 5)",SH.STA.MALN.ZS,..,..,..,..,..,..,..,..,..,2.4,..,..,3.4,3.4,3.8,..,..,4.5,..,..,6.8,..,7.4,..,6.9,..,..,10.7,..,..,14.2,..,12.6,..,..,18.7,..,..,..,..,..,..,..,..,..,..,..,..,..
China,CHN,"Immunization, measles (% of children ages 12-23 months)",SH.IMM.MEAS,99,99,99,99,99,99,99,99,99,99,99,99,99,99,97,94,93,86,86,85,85,85,84,84,83,83,84,80,75,81,87,92,98,95,95,77,63,88,84,78,..,..,..,..,..,..,..,..,97
China,CHN,"Primary completion rate, total (% of relevant age group)",SE.PRM.CMPT.ZS,..,..,..,..,..,..,..,..,..,..,..,..,104.896789550781,105.660797119141,105.020690917969,96.407600402832,92.4162292480469,..,..,..,..,..,..,..,..,93.2278594970703,92.4314270019531,96.9153366088867,87.988151550293,92.2875823974609,93.7192001342773,100.186096191406,106.381492614746,110.748641967773,..,..,..,..,..,..,..,..,..,..,..,..,..,..,..
China,CHN,"School enrollment, primary (% gross)",SE.PRM.ENRR,100.171730041504,99.4303970336914,99.0244293212891,98.2354125976562,98.1703567504883,97.922119140625,97.3906173706055,97.1544418334961,97.9485015869141,102.930908203125,103.43643951416,103.869262695312,105.000213623047,106.631637573242,107.430740356445,106.728660583496,106.496429443359,..,..,..,..,115.909858703613,..,..,109.920471191406,110.21012878418,110.350860595703,111.240463256836,110.52970123291,111.76912689209,113.808631896973,116.541816711426,119.836502075195,126.830001831055,131.506958007812,134.326110839844,131.474822998047,125.628341674805,118.229042053223,115.250068664551,111.846168518066,110.818008422852,108.862922668457,109.943023681641,110.883583068848,115.572227478027,117.58203125,112.194068908691,99.323860168457
China,CHN,"School enrollment, secondary (% gross)",SE.SEC.ENRR,..,..,..,..,..,..,..,..,..,..,93.3106079101562,92.9864196777344,91.5271835327148,88.7780380249023,82.9210891723633,78.3460006713867,74.2114868164062,..,..,64.06201171875,62.8491706848145,62.1108283996582,59.2292213439941,58.2373085021973,..,54.2526817321777,51.8940887451172,48.663631439209,47.0254516601562,46.7970199584961,44.5318794250488,41.6763000488281,39.0901184082031,38.2257308959961,37.2135391235352,35.1279983520508,32.6456489562988,31.3204708099365,29.8780403137207,30.1066207885742,32.5759811401367,36.623649597168,40.1661186218262,47.4205589294434,52.994010925293,56.954418182373,57.9116706848145,57.2828216552734,..
China,CHN,"School enrollment, primary and secondary (gross), gender parity index (GPI)",SE.ENR.PRSC.FM.ZS,..,1.01161003112793,1.01286995410919,1.01529002189636,1.01431000232697,1.01321995258331,1.01013994216919,1.01157999038696,1.00947999954224,1.00609004497528,0.997179985046387,0.992420017719269,0.98895001411438,1.00335001945496,0.996969997882843,0.991550028324127,0.988039970397949,..,..,..,..,0.964619994163513,..,..,..,0.935779988765717,0.928520023822784,0.915570020675659,0.901910006999969,0.881250023841858,0.874170005321503,0.860360026359558,0.848609983921051,0.842719972133636,0.833199977874756,0.826499998569489,0.808640003204346,0.787370026111603,0.781639993190765,0.777639985084534,0.781080007553101,0.794979989528656,0.811959981918335,0.818159997463226,0.830439984798431,0.826040029525757,0.820949971675873,..,..
China,CHN,"Prevalence of HIV, total (% of population ages 15-49)",SH.DYN.AIDS.ZS,..,..,..,..,..,..,..,..,..,..,..,..,..,..,..,..,..,..,..,..,..,..,..,..,..,..,..,..,..,..,..,..,..,..,..,..,..,..,..,..,..,..,..,..,..,..,..,..,..
China,CHN,Forest area (sq. km),AG.LND.FRST.K2,2237373.2,2218577.5,2199781.8,2180986.1,2162190.4,2143394.7,2124598.67,2102942.5,2083574.76,2064207.02,2044839.28,2025471.54,2006103.8,1982493.97,1958884.14,1935274.31,1911664.48,1888054.65,1864444.82,1840834.99,1817225.16,1793615.33,1770005.5,1750145.54,1730285.58,1710425.62,1690565.66,1670705.7,1650845.74,1630985.78,1611125.82,1591265.86,1571405.9,..,..,..,..,..,..,..,..,..,..,..,..,..,..,..,..
China,CHN,Terrestrial and marine protected areas (% of total territorial area),ER.PTD.TOTL.ZS,14.7,14.7,14.7,14.7,14.5876416474392,16,15.9392803086493,15.9,15.9,15.8,..,..,..,..,..,..,..,..,..,..,..,..,..,..,..,..,..,..,..,..,..,..,..,..,..,..,..,..,..,..,..,..,..,..,..,..,..,..,14.7
China,CHN,"Annual freshwater withdrawals, total (% of internal resources)",ER.H2O.FWTL.ZS,..,20.2097479469587,20.2097479469587,21.4056667496178,21.0782466493654,21.1959188026592,21.4732126986384,21.0387855949376,21.0956663941128,21.4298410892673,21.2876390913292,21.1525471932881,20.8620996124996,20.7330512993708,20.4806427530307,20.2175690568452,20.1926837072061,19.6985317643713,19.6757794447012,19.6530271250311,19.630274805361,19.6075224856909,19.5847701660208,19.45526477504,19.3257593840627,19.1962539930819,19.0667486021046,18.9372432111238,18.8077378201465,18.6782324291656,18.3772382001955,18.076243971229,17.7752497422589,17.6405844502115,17.5059191581642,17.3712538661168,17.2365885740695,17.1019232820221,16.9657648689964,16.6677628070674,16.3697607451385,16.0717586832095,15.7737566212805,..,..,..,..,..,..
China,CHN,Urban population growth (annual %),SP.URB.GROW,1.64948085688024,1.83853028231533,2.07814005779212,2.29017723362897,2.50340050353808,2.739663820353,2.77564176920889,2.84287054779151,2.95349744191833,3.048365006284,3.13065659552565,3.12337717694482,3.25536549409244,3.33810246782671,3.43395768889026,3.51125555182775,3.67472809325703,3.88247297575862,3.97537212954358,4.07840352649768,4.19800114764631,4.05956575767596,3.64925271115854,3.77008872976608,3.90807856569896,4.00828550795805,4.08605174394273,4.15963799418302,4.24584059723498,4.30154774283787,4.42511729026799,4.60168513214318,4.30967848070248,4.4026320383107,4.51483099420354,4.5315822084455,4.4381005931631,4.33904712359308,4.3204330245138,4.47484202161229,5.29566624595188,5.13186895071821,5.15728370456645,5.26137093097064,3.48394507218723,1.70583298538571,1.89157239197393,2.38901572313462,1.47276196539697
China,CHN,Energy use (kg of oil equivalent per capita),EG.USE.PCAP.KG.OE,2690.56034893867,2634.35668162948,2472.54314843967,2403.41507353211,2310.14470066159,2214.86726749259,2147.5478242754,2172.63043957296,2175.39434497632,2134.95604987416,2082.18610350339,2023.72470452,1895.95046239566,1725.32642300052,1626.04808980232,1591.57830388843,1486.39617489664,1366.34738144686,1246.88524780915,1101.68272310248,972.216999100476,920.526583305115,897.492022576956,876.970192753192,868.328797325842,872.34261136951,881.664174708809,866.866179762295,816.196770764534,788.163387728662,752.66364174266,736.887203366372,769.601524864209,..,..,..,..,..,..,..,..,..,..,..,..,..,..,..,..
China,CHN,Electric power consumption (kWh per capita),EG.USE.ELEC.KH.PC,6112.13553560996,5847.80226004701,5261.94103890582,5082.38779040238,4842.2067923237,4571.04242541442,4237.54530584599,4017.07781948893,4006.16826789906,3757.18508846571,3466.02027780444,3295.78486805176,2943.58995443689,2612.45662004417,2446.36905458402,2325.92676902765,2039.0146603408,1782.31215291627,1585.83878247787,1379.48463210183,1194.85629490784,1076.54912135865,992.943384720171,913.963447975829,870.617222318398,852.740686543503,821.080859102296,770.280241190849,727.107359659684,662.63704558569,604.694541490339,548.953753106589,510.619854913516,..,..,..,..,..,..,..,..,..,..,..,..,..,..,..,..
China,CHN,GDP (current US$),NY.GDP.MKTP.CD,17881782683707.3,17820459508852.2,14687744162801,14279968506271.7,13894907857880.6,12310491333980.9,11233313730348.7,11061572618578.7,10475624944355.2,9570471111831.68,8532185381680.59,7551545703440.75,6087191746679.49,5101691124285.21,4594336785737.67,3550327802998.4,2752118657184.02,2285961149879.85,1955346768721.39,1660280543846.79,1470557654799.95,1339400897105.11,1211331651866.09,1094003874937.34,1029060747620.65,961601980984.623,863749314718.538,734484834573.582,564321854521.013,444731282435.515,426915712715.856,383373318083.624,360857912565.966,347768051311.741,312353631207.819,272972974764.574,300758100107.246,309488028132.653,259946510957.143,230686747153.257,205089699858.779,195866382432.54,191149211575,178280594413.043,149540752829.268,174935933078.663,153939265947.775,163429530659.638,17794783039552
China,CHN,GDP growth (annual %),NY.GDP.MKTP.KD.ZG,2.95066992959268,8.44846941687277,2.23863835634639,5.95050075367413,6.7497738324959,6.94720079331685,6.84876220495761,7.04132887873656,7.42576365632412,7.76615009773009,7.86373644862111,9.55083217877568,10.6358710644913,9.39872563259674,9.65067891939361,14.2308609331955,12.7209556654032,11.3945918098927,10.1136213776263,10.0380304810393,9.13363078966614,8.33573347817196,8.49009340597647,7.6616515004031,7.84595178729862,9.23677989187537,9.92255675282291,10.9539543419,13.0368066326745,13.8837293017729,14.2245295924965,9.26278608516616,3.9202513677681,4.20633435548258,11.222594982521,11.6574277931257,8.94996176439109,13.4306775204146,15.1915400236007,10.7702025065737,9.01711391381903,5.11276109060974,7.83414501591251,7.59132468000874,11.3259779878894,7.57000000138399,-1.57000000165334,8.71999999748007,5.24955786387791
China,CHN,"Inflation, GDP deflator (annual %)",NY.GDP.DEFL.KD.ZG,1.82367710735865,4.55232657897571,0.49249391805742,1.28670040766232,3.49974763567195,4.2326819752236,1.40734602732051,-0.00294409364951775,1.03106368780396,2.16337002665455,2.33121757581199,8.07568446704094,6.88138025334055,-0.209533361180647,7.79534603698191,7.74968649303898,3.92654939643413,3.90374426907985,6.95199268086466,2.60317771902103,0.602099078250106,2.04704945728633,2.06279261346987,-1.26305893875535,-0.900251628944076,1.61656874206059,6.50673063542777,13.6656964001969,20.6169888119177,15.1858645089504,8.19032302163217,6.71453695848909,5.71122416868202,8.60246513371632,12.1076614989562,5.08251646766406,4.66902079731935,10.2093990441261,4.94416271276128,1.15679526219108,-0.140355089605009,2.35787142114833,3.75177705669101,3.600054771534,1.67514249839924,1.09377177565865,-0.106286227905457,-1.13117515356886,-0.582393794026771
China,CHN,"Agriculture, forestry, and fishing, value added (% of GDP)",NV.AGR.TOTL.ZS,7.32176246533625,7.24101746939763,7.69864253416333,7.1436902775818,7.04302025319625,7.46356501656873,8.0572875346436,8.38701488219603,8.64349139629661,8.94289396230057,9.11371387030751,9.17765379535199,9.32517694053669,9.63618551442703,10.1690478477936,10.2461657566004,10.6257605278405,11.6414956029627,12.916648166837,12.3489989652141,13.3014877126424,13.9834613522186,14.6762416552585,16.0647884669624,17.1590347605501,17.8952767359135,19.3254855475406,19.5965196106392,19.4742827285474,19.3074684038403,21.3288613741081,24.034067384598,26.5843081183771,24.611551959103,25.2376865324238,26.3208996403948,26.6384965309993,27.9343575172623,31.5396955614797,32.5681223829416,32.7857031035218,31.3155812068692,29.6339383575962,30.7032786969509,27.6854178198334,28.9907692307692,32.3596332731045,31.952623786807,7.12013561003674
China,CHN,"Industry (including construction), value added (% of GDP)",NV.IND.TOTL.ZS,39.3276698500683,39.2907720034165,37.8428217198988,38.5874054560514,39.6870118233885,39.8516984491913,39.5806215022693,40.8413399694664,43.0855681093574,44.1767045363398,45.4229807420935,46.5292894700168,46.4978311381926,45.9571472862473,46.9711723611155,46.8841692340036,47.5573975653221,47.0225784802473,45.9002116666747,45.622784849177,44.4505675337902,44.7934123391013,45.5361031777126,45.3598634425003,45.7976362166401,47.0990459934673,47.1042431827224,46.7505423777989,46.1630611510582,46.1765354656363,43.1153329105596,41.4873957334357,41.0329187714114,42.4960168010639,43.5245422805356,43.3183429551554,43.5144291225346,42.7123222973135,42.9309888722669,44.2286236259049,44.620605869376,45.9703513367199,48.0576859942336,46.9541240200304,47.7101208278956,46.7015384615385,45.0378103459814,45.3594341174535,38.2829907905443
China,CHN,Exports of goods and services (% of GDP),NE.EXP.GNFS.ZS,20.7914830663638,19.9439738307083,18.5861391981332,18.4099923154801,19.1121035364139,19.6922769882201,19.5843800536482,21.3540798828848,23.5100609074235,24.599254436897,25.4925222245396,26.5681893451605,27.1853327204051,24.7499139061302,32.6025028810906,35.4349475807119,36.0351972897845,33.829927750047,31.0613413353482,26.9808771439925,22.6446280317419,20.312067216126,20.8937072974529,18.1625864572871,18.342006982237,19.4932044346528,17.9232416590318,17.9525593720078,18.536841051673,16.7022945502994,15.6582196753392,14.4878781448342,13.614710169642,11.8443293841151,14.3823208189797,12.482134518802,8.71217788684371,8.33680172686696,9.52669262208222,9.51780053270187,11.0196293673452,12.4421402475198,10.1521318555823,7.8318338829694,7.22287389600863,4.72805664030769,4.83346464866493,4.87951594045073,19.7430723247274
China,CHN,Imports of goods and services (% of GDP),NE.IMP.GNFS.ZS,17.5599990173084,17.3580170349289,16.1681565014734,17.4801037187624,18.4536805657234,17.9401362522062,17.3100349634307,18.110089452417,21.3951550469261,22.1451211404583,22.7750001428637,24.1727152412604,23.5317449422952,20.4350623009177,25.0098393604755,26.7586775044594,28.4439939103899,28.3780941731833,28.4441900780444,24.82334243075,20.1025535239991,18.21514310996,18.5173265975939,15.3617777891571,14.0821331520758,15.0398837413974,15.8914021302523,16.3244794663664,17.2331523968491,19.3537833179487,14.4874967782585,11.4618459582464,10.6584219385921,13.2613658201569,15.6824497735549,12.3755305591057,11.1693020664967,12.3760532854577,9.50591911764042,8.40330217866684,8.67333893768765,11.3443408327884,11.4270468708838,8.71395064120529,8.19957086480584,4.607628552,4.77448619420464,5.11232576278993,17.573699039207
China,CHN,Gross capital formation (% of GDP),NE.GDI.TOTL.ZS,43.1462525159503,43.1402990748017,43.3666742339174,43.2511056433479,43.7934751722352,43.0132973858151,42.6313769323417,43.2348066562247,45.8239527573535,46.3989493360759,46.2252655950979,46.6601210962037,46.5561547048834,45.3562358300454,42.2690268131211,40.4821901688549,39.9103386970019,40.3461495465791,41.8471972608319,39.6201305878555,36.1534434433744,35.5415967198136,33.5730284937681,34.1097089114429,34.8136823326466,35.5229456528019,37.5417204673365,38.8377197998557,40.0502854739137,43.2831497569643,39.0718680056364,35.2363600512445,34.157848854484,37.2086867816609,39.0783093902467,37.3208797769409,37.7270016851388,39.064106893606,34.3784061504283,31.9258628866708,31.9801024242069,32.9487495627914,34.605193076202,36.2969031242718,37.6038137258898,33.87895996,33.2197606069732,35.0357185622635,42.0789515576359
China,CHN,"Revenue, excluding grants (% of GDP)",GC.REV.XGRT.GD.ZS,15.0124733393881,14.9369703981745,14.0860868384369,16.1005703947567,16.5358955398421,15.8831720481562,15.6299264256437,16.0430230597269,15.8181780335482,10.9562365189849,11.1389589630267,11.2387260137086,11.2310799432248,11.6627061599211,11.076537734555,16.7345024759724,10.1251615144195,9.62504082604117,..,..,..,..,..,..,..,..,..,..,..,..,..,..,..,..,..,..,..,..,..,..,..,..,..,..,..,..,..,..,15.468774031062
China,CHN,Domestic credit provided by financial sector (% of GDP),FS.AST.DOMS.GD.ZS,..,..,..,..,..,..,..,..,..,..,..,..,..,..,..,..,..,..,..,..,..,..,..,..,..,..,..,..,..,..,..,..,..,..,..,..,..,..,..,..,..,..,..,..,..,..,..,..,..
China,CHN,Tax revenue (% of GDP),GC.TAX.TOTL.GD.ZS,7.70087321650666,7.96512804614377,8.09062621607631,8.49286376989869,9.05268573156305,9.41931765253305,9.12291556057604,9.37692044713406,9.67861882699669,9.90773258312895,10.2567686829398,10.3127948892952,10.212048608843,10.3094417362922,10.1014265266002,9.77140606467415,9.05725398272786,8.56924385783334,..,..,..,..,..,..,..,..,..,..,..,..,..,..,..,..,..,..,..,..,..,..,..,..,..,..,..,..,..,..,7.84236823527058
China,CHN,Military expenditure (% of GDP),MS.MIL.XPND.GD.ZS,1.62314627775085,1.60525971842503,1.75669947098837,1.68291101151296,1.67357820944542,1.71124264388853,1.7688865902507,1.77677106896806,1.73840928794394,1.7143409229625,1.70094267160117,1.65908251595704,1.73351986212832,1.89352379603523,1.71604254580499,1.75016458545192,1.8695916362794,1.87185802294835,1.93850823279804,1.99628893565843,2.05936465293746,1.98308624365796,1.83575968454189,1.87146591412577,1.65508069090551,1.63265067284541,1.65272667000964,1.68623388691537,1.69347959870483,1.92806687404062,2.44954206753443,2.31124341155315,2.45401611552735,2.44710131532583,..,..,..,..,..,..,..,..,..,..,..,..,..,..,1.66533914524613
China,CHN,Mobile cellular subscriptions (per 100 people),IT.CEL.SETS.P2,124.8775379,121.5382526,120.5961882,122.8132903,116.3882038,104.2265872,97.36386675,92.70071605,92.84598562,89.31856151,81.38349829,72.67381064,63.71521287,55.79864972,48.20785124,41.41509824,35.11253649,30.14865123,25.81891467,20.94488156,16.08250443,11.37860424,6.744724531,3.448689963,1.913884263,1.069072913,0.557926117,0.29791213,0.129878018,0.053350925,0.014946866,0.004061416,0.001587842,0.000864322,0.000289186,6.38E-05,0,0,0,0,0,0,0,0,0,0,0,0,..
China,CHN,High-technology exports (% of manufactured exports),TX.VAL.TECH.MF.ZS,27.7650612563156,30.2190732796596,31.2766154241293,30.8186302968419,31.5481478595353,30.9118639785891,30.2545232296357,30.4312672747562,29.7037271802947,31.5855813292794,30.8618085179503,30.5004796644425,32.1501169663397,31.9775769727453,29.4319344493349,30.2374939097036,..,..,..,..,..,..,..,..,..,..,..,..,..,..,..,..,..,..,..,..,..,..,..,..,..,..,..,..,..,..,..,..,26.5682136542881
China,CHN,Merchandise trade (% of GDP),TG.VAL.TOTL.GD.ZS,34.9570348245841,33.6435432376018,31.6993266521609,32.05779479128,33.2671727461536,33.3629088277166,32.8091700140346,35.7366365191203,41.0622375547902,43.4565336586029,45.3238980051121,48.2267491056915,48.8566998340785,43.2706517548981,55.7917305487312,61.3062263761052,63.9666823741274,62.2016695285804,59.0460484282778,51.255675021542,42.2129658074813,38.0506688551221,39.1550075711581,32.9642342464881,31.4800657540402,33.8146141990113,33.5607791589925,38.2395914495717,41.9301499852137,44.0047749571959,38.7722904240279,35.3965687227091,31.9893221071876,32.1133581934154,32.9062926537949,30.2788215834495,24.5532871678826,22.4893998064982,20.6000072102636,18.9070245856056,20.2867330873511,22.475015596493,19.9006837049257,16.3983074525026,14.1005041107918,8.38478392738461,8.8366018353075,9.55457678730054,33.357079919472
China,CHN,Net barter terms of trade index (2015 = 100),TT.PRI.MRCH.XD.WD,..,90.223242733,98.5019354401,92.6680598569,91.4523399326,94.3377543893,99.7779239415,100,89.6419154119,87.1551588227,86.1261358508,83.8211644489,87.0042466436,96.5959343235,88.8723788024,93.8920224223,94.8747172354,93.7821101328,96.2476573291,98.5413686816,97.6727376141,103.3232265708,106.0373147989,110.4099875315,117.3178802324,116.8574489275,112.3365612657,108.0962918141,108.2013416034,107.1418701968,109.3168193749,107.1304829556,108.2696793657,108.3424737702,96.1988010499,100.2110887159,90.2445232345,98.1409190167,102.4224063389,106.0373147989,124.3647519063,127.4972475155,124.5321953241,..,..,..,..,..,..
China,CHN,"External debt stocks, total (DOD, current US$)",DT.DOD.DECT.CD,2448050054960.7,2724353650084.8,2326232537961.7,2114161989828.3,1961562462976.8,1710819944231.6,1413904270462.7,1333768986063.5,1778380562695.9,1480476659937.3,1148164368937.8,1054209569422.7,742737476056.6,454495613318.6,386423097229.7,377749152515.9,326419519861.6,285857036926.9,247359209017.2,207180503978.3,185465746540.1,184315443994.2,145906872763.7,148825573986.7,144214433291.8,146904623209.9,129037039407.6,118314843047,100667359411.3,86092752669.9,72538895534.7,60259186451.5,55301409898.8,44932469163.1,42438957562.4,35339526722.2,23719315917.2,16699215995.6,12088935352.5,9611696896,8359968254.8,5798013609.4,..,..,..,..,..,..,2420210835503.5
China,CHN,"Total debt service (% of exports of goods, services and primary income)",DT.TDS.DECT.EX.ZS,10.7452117111153,8.68754451581172,9.19478034214525,9.49516872239568,8.25271896595969,7.58735986967657,6.91875543607767,4.90274889592115,3.01971745253991,3.03970189644669,3.08464755083677,2.91665272408534,2.89643097782304,2.91078502611598,2.07153224336163,2.37686039838911,2.63307518851185,3.38467578740924,3.72629115340062,8.11986549717689,12.1466869814639,11.4697161899431,13.1349160431843,16.8011650521446,12.5451629025233,12.6134314823957,8.80315326448636,9.8847479020214,8.91539620759218,11.1433393326538,10.2103523871014,11.9296641244236,11.6854750368432,11.364784641873,9.63398329984593,9.59381344259845,9.70164668252778,8.37267846293985,7.95929531402312,10.8809215876289,8.5924549828137,..,..,..,..,..,..,..,10.2761912052145
China,CHN,Net migration,SM.POP.NETM,-293846,-379749,-91577,-656091,-198206,-94625,-153056,-646941,-371108,-188951,-58864,-416189,-184144,-177135,-764370,-1042019,-759559,-103701,-770977,-613223,-761291,-176419,-62622,-96102,-40472,-279251,-250750,-365986,-723641,-373316,-142985,-544650,-11187,-313476,-282194,-169170,-79190,-60929,-51961,-43756,-36181,-28016,-20129,-13704,-9916,-15323,-55109,-115173,-567724
China,CHN,"Personal remittances, received (current US$)",BX.TRF.PWKR.CD.DT,26093633202.03,22479899032.72,18876250770.21,18294313104.25,24305605210.61,28675983092.3,26883278893.8,33104675861.87,29910500593.04,17790105219,17065623287,16568371453,13636040942,9209489821,9136546899.82745,6833129702.14478,4319492608.79338,3337061829.2962,6641220178.7534,4625331810,2353070421.5742,1209000000,758082000,530000000,344000000,4589000000,1672000000,350000000,857000000,631380000,619380000,389820000,195940000,188860000,326340000,228040000,445280000,271000000,403000000,542000000,617320000,..,..,..,..,..,..,..,29110273774.63
China,CHN,"Foreign direct investment, net inflows (BoP, current US$)",BX.KLT.DINV.CD.WD,190203789092.51,344074977062.48,253095616058.58,187169822364.755,235365050036.341,166083755721.649,174749584584.051,242489331627.399,268097181064.335,290928431467.003,241213868161.42,280072219149.935,243703434558.178,131057052869.5,171534650311.569,156249335203.202,124082035618.506,104108693867.085,68117272181.2194,57900937467.3864,53073618897.4036,47053000000,42095300000,41014000000,45644000000,45439000000,40180000000,35849200000,33787000000,27515000000,11156000000,4366000000,3487000000,3393000000,3194000000,2314000000,1875000000,1659000000,1258000000,636000000,430000000,265000000,57000000,80000,..,..,..,..,42727679407.24
China,CHN,Net official development assistance and official aid received (current US$),DT.ODA.ALLD.CD,-282320007.324219,-564140014.648438,-572500000,-608580017.089844,-705270019.53125,-989940002.441406,-791429992.675781,-306290008.544922,-947070007.324219,-656549987.792969,-180529998.779297,-603609985.351563,671890014.648438,1471119995.11719,1749949951.17188,1714510009.76563,1268520019.53125,1798339965.82031,1709949951.17188,1361550048.82813,1511520019.53125,1497660034.17969,1749020019.53125,2407000000,2456879882.8125,2060830078.125,2655899902.34375,3463699951.17188,3132290039.0625,3202379882.8125,2988260009.76563,1918750000,2030599975.58594,2067250000,1916119995.11719,1377290039.0625,1095140014.64844,938750000,797479980.46875,668799987.792969,523380004.882813,475899993.896484,65500000,16850000.3814697,..,..,..,..,..
,,,,,,,,,,,,,,,,,,,,,,,,,,,,,,,,,,,,,,,,,,,,,,,,,,,,
,,,,,,,,,,,,,,,,,,,,,,,,,,,,,,,,,,,,,,,,,,,,,,,,,,,,
,,,,,,,,,,,,,,,,,,,,,,,,,,,,,,,,,,,,,,,,,,,,,,,,,,,,
Data from database: World Development Indicators,,,,,,,,,,,,,,,,,,,,,,,,,,,,,,,,,,,,,,,,,,,,,,,,,,,,
Last Updated: 04/15/2025,,,,,,,,,,,,,,,,,,,,,,,,,,,,,,,,,,,,,,,,,,,,,,,,,,,,
